well,curve,available,non_missing_count,missing_pct
15_9-13,BS,False,0,100.0
15_9-13,CALI,True,18345,14.439625017489854
15_9-13,DCAL,False,0,100.0
15_9-13,DEPT,True,21441,0.0
15_9-13,DEPTH_MD,True,20956,2.2620213609439888
15_9-13,DRHO,True,18345,14.439625017489854
15_9-13,DTC,True,21282,0.741569889464111
15_9-13,DTS,False,0,100.0
15_9-13,GR,True,20900,2.523203208805558
15_9-13,MUDWEIGHT,True,17520,18.287393311879107
15_9-13,NPHI,True,14105,34.214822069866145
15_9-13,PEF,True,16446,23.296488036938577
15_9-13,RDEP,True,20956,2.2620213609439888
15_9-13,RHOB,True,18345,14.439625017489854
15_9-13,RMED,True,20957,2.257357399375026
15_9-13,RMIC,False,0,100.0
15_9-13,ROP,True,20297,5.335572034886438
15_9-13,ROPA,False,0,100.0
15_9-13,RSHA,True,1623,92.43039037358332
15_9-13,RXO,True,1627,92.4117345273075
15_9-13,SGR,False,0,100.0
15_9-13,SP,True,20956,2.2620213609439888
15_9-13,X_LOC,True,20956,2.2620213609439888
15_9-13,Y_LOC,True,20956,2.2620213609439888
15_9-13,Z_LOC,True,20956,2.2620213609439888
15_9-14,BS,False,0,100.0
15_9-14,CALI,True,20363,10.981420765027327
15_9-14,DCAL,False,0,100.0
15_9-14,DEPT,True,22875,0.0
15_9-14,DEPTH_MD,True,22859,0.06994535519125877
15_9-14,DRHO,True,20364,10.97704918032787
15_9-14,DTC,True,22168,3.0907103825136617
15_9-14,DTS,False,0,100.0
15_9-14,GR,True,22802,0.31912568306010636
15_9-14,MUDWEIGHT,True,22163,3.112568306010932
15_9-14,NPHI,True,20363,10.981420765027327
15_9-14,PEF,True,16704,26.97704918032787
15_9-14,RDEP,True,22859,0.06994535519125877
15_9-14,RHOB,True,20363,10.981420765027327
15_9-14,RMED,True,22832,0.18797814207650587
15_9-14,RMIC,False,0,100.0
15_9-14,ROP,True,22153,3.156284153005462
15_9-14,ROPA,False,0,100.0
15_9-14,RSHA,True,4059,82.25573770491803
15_9-14,RXO,True,4069,82.2120218579235
15_9-14,SGR,False,0,100.0
15_9-14,SP,True,22854,0.09180327868852922
15_9-14,X_LOC,True,22859,0.06994535519125877
15_9-14,Y_LOC,True,22859,0.06994535519125877
15_9-14,Z_LOC,True,22859,0.06994535519125877
15_9-15,BS,True,20342,2.920683401737134
15_9-15,CALI,True,17780,15.147465877636723
15_9-15,DCAL,True,17802,15.042473990646176
15_9-15,DEPT,True,20954,0.0
15_9-15,DEPTH_MD,True,19930,4.886895103560185
15_9-15,DRHO,True,17780,15.147465877636723
15_9-15,DTC,True,20393,2.6772931182590387
15_9-15,DTS,False,0,100.0
15_9-15,GR,True,20349,2.8872768922401426
15_9-15,MUDWEIGHT,True,18750,10.51827813305336
15_9-15,NPHI,True,13497,35.58747733129712
15_9-15,PEF,True,17855,14.789538990168937
15_9-15,RDEP,True,19930,4.886895103560185
15_9-15,RHOB,True,17672,15.662880595590345
15_9-15,RMED,True,19930,4.886895103560185
15_9-15,RMIC,False,0,100.0
15_9-15,ROP,True,19843,5.302090293022809
15_9-15,ROPA,False,0,100.0
15_9-15,RSHA,True,19930,4.886895103560185
15_9-15,RXO,True,20954,0.0
15_9-15,SGR,False,0,100.0
15_9-15,SP,True,20954,0.0
15_9-15,X_LOC,True,19930,4.886895103560185
15_9-15,Y_LOC,True,19930,4.886895103560185
15_9-15,Z_LOC,True,19930,4.886895103560185
15_9-17,BS,False,0,100.0
15_9-17,CALI,True,17416,12.389959253483573
15_9-17,DCAL,False,0,100.0
15_9-17,DEPT,True,19879,0.0
15_9-17,DEPTH_MD,True,19706,0.8702651038784648
15_9-17,DRHO,True,16766,15.659741435685904
15_9-17,DTC,True,19353,2.6460083505206455
15_9-17,DTS,False,0,100.0
15_9-17,GR,True,19816,0.31691734996730503
15_9-17,MUDWEIGHT,True,19132,3.757734292469439
15_9-17,NPHI,True,13864,30.258061270687662
15_9-17,PEF,True,16710,15.941445746767947
15_9-17,RDEP,True,19706,0.8702651038784648
15_9-17,RHOB,True,16764,15.669802303938829
15_9-17,RMED,True,19688,0.9608129181548408
15_9-17,RMIC,False,0,100.0
15_9-17,ROP,True,19342,2.7013431259117704
15_9-17,ROPA,False,0,100.0
15_9-17,RSHA,True,13107,34.066099904421755
15_9-17,RXO,True,13223,33.482569545751794
15_9-17,SGR,True,17418,12.379898385230648
15_9-17,SP,True,19705,0.8752955380049277
15_9-17,X_LOC,True,19706,0.8702651038784648
15_9-17,Y_LOC,True,19706,0.8702651038784648
15_9-17,Z_LOC,True,19706,0.8702651038784648
15_9-23,BS,True,20077,2.0347418756709312
15_9-23,CALI,True,11150,45.59383234117303
15_9-23,DCAL,True,11150,45.59383234117303
15_9-23,DEPT,True,20494,0.0
15_9-23,DEPTH_MD,True,20055,2.1420903679125636
15_9-23,DRHO,True,11149,45.59871181809309
15_9-23,DTC,True,11239,45.15955889528642
15_9-23,DTS,True,10719,47.69688689372499
15_9-23,GR,True,20014,2.3421489216356006
15_9-23,MUDWEIGHT,False,0,100.0
15_9-23,NPHI,True,11503,43.87137698838684
15_9-23,PEF,True,10922,46.70635307894994
15_9-23,RDEP,True,20055,2.1420903679125636
15_9-23,RHOB,True,11094,45.867083048697175
15_9-23,RMED,True,19995,2.4348589831170053
15_9-23,RMIC,False,0,100.0
15_9-23,ROP,True,20012,2.351907875475745
15_9-23,ROPA,True,20455,0.1902995998828927
15_9-23,RSHA,False,0,100.0
15_9-23,RXO,False,0,100.0
15_9-23,SGR,False,0,100.0
15_9-23,SP,False,0,100.0
15_9-23,X_LOC,True,20055,2.1420903679125636
15_9-23,Y_LOC,True,20055,2.1420903679125636
15_9-23,Z_LOC,True,20055,2.1420903679125636
16_1-2,BS,True,1807,90.25718445031542
16_1-2,CALI,True,1834,90.1116083463633
16_1-2,DCAL,False,0,100.0
16_1-2,DEPT,True,18547,0.0
16_1-2,DEPTH_MD,True,17105,7.774842292554052
16_1-2,DRHO,True,1833,90.11700005391707
16_1-2,DTC,True,16906,8.847792095756724
16_1-2,DTS,False,0,100.0
16_1-2,GR,True,18497,0.26958537768911883
16_1-2,MUDWEIGHT,True,16908,8.837008680649161
16_1-2,NPHI,True,1682,90.9311478945382
16_1-2,PEF,False,0,100.0
16_1-2,RDEP,True,17105,7.774842292554052
16_1-2,RHOB,True,1737,90.63460397908017
16_1-2,RMED,True,17108,7.758667169892708
16_1-2,RMIC,False,0,100.0
16_1-2,ROP,True,16962,8.545856472744918
16_1-2,ROPA,False,0,100.0
16_1-2,RSHA,True,17109,7.753275462338927
16_1-2,RXO,False,0,100.0
16_1-2,SGR,False,0,100.0
16_1-2,SP,True,17110,7.747883754785145
16_1-2,X_LOC,True,17105,7.774842292554052
16_1-2,Y_LOC,True,17105,7.774842292554052
16_1-2,Z_LOC,True,17105,7.774842292554052
16_1-6 A,BS,True,13205,2.2792866128912848
16_1-6 A,CALI,True,3613,73.26278398579146
16_1-6 A,DCAL,False,0,100.0
16_1-6 A,DEPT,True,13513,0.0
16_1-6 A,DEPTH_MD,True,13060,3.3523273884407567
16_1-6 A,DRHO,False,0,100.0
16_1-6 A,DTC,True,3566,73.6105972026937
16_1-6 A,DTS,False,0,100.0
16_1-6 A,GR,True,13197,2.338488862576782
16_1-6 A,MUDWEIGHT,True,10737,20.543180640864357
16_1-6 A,NPHI,True,3615,73.24798342337009
16_1-6 A,PEF,True,3480,74.24702138681269
16_1-6 A,RDEP,True,13060,3.3523273884407567
16_1-6 A,RHOB,True,3480,74.24702138681269
16_1-6 A,RMED,True,12965,4.055354103455933
16_1-6 A,RMIC,False,0,100.0
16_1-6 A,ROP,True,13512,0.0074002812106899185
16_1-6 A,ROPA,False,0,100.0
16_1-6 A,RSHA,False,0,100.0
16_1-6 A,RXO,False,0,100.0
16_1-6 A,SGR,False,0,100.0
16_1-6 A,SP,False,0,100.0
16_1-6 A,X_LOC,True,13060,3.3523273884407567
16_1-6 A,Y_LOC,True,13060,3.3523273884407567
16_1-6 A,Z_LOC,True,13060,3.3523273884407567
16_10-1,BS,True,20079,0.33751923363279923
16_10-1,CALI,True,17880,11.25229562714052
16_10-1,DCAL,True,17739,11.952151685114409
16_10-1,DEPT,True,20147,0.0
16_10-1,DEPTH_MD,True,19471,3.355338263761354
16_10-1,DRHO,True,11663,42.110487913833325
16_10-1,DTC,True,19961,0.9232143743485355
16_10-1,DTS,False,0,100.0
16_10-1,GR,True,19997,0.7445277212488222
16_10-1,MUDWEIGHT,True,17100,15.123839777634384
16_10-1,NPHI,True,11618,42.333846230207975
16_10-1,PEF,True,11671,42.07077976870005
16_10-1,RDEP,True,19471,3.355338263761354
16_10-1,RHOB,True,11505,42.894723780215415
16_10-1,RMED,True,19303,4.189209311560038
16_10-1,RMIC,False,0,100.0
16_10-1,ROP,True,20045,0.5062788504491933
16_10-1,ROPA,False,0,100.0
16_10-1,RSHA,True,5752,71.44984364917855
16_10-1,RXO,True,6470,67.88603762346752
16_10-1,SGR,False,0,100.0
16_10-1,SP,True,19932,1.067156400456648
16_10-1,X_LOC,True,19471,3.355338263761354
16_10-1,Y_LOC,True,19471,3.355338263761354
16_10-1,Z_LOC,True,19471,3.355338263761354
16_10-2,BS,True,20039,0.4570066067259404
16_10-2,CALI,True,2495,87.60617952411704
16_10-2,DCAL,True,2520,87.48199294620238
16_10-2,DEPT,True,20131,0.0
16_10-2,DEPTH_MD,True,19653,2.374447369728283
16_10-2,DRHO,True,2520,87.48199294620238
16_10-2,DTC,True,19202,4.614773235308722
16_10-2,DTS,False,0,100.0
16_10-2,GR,True,19999,0.6557051313893947
16_10-2,MUDWEIGHT,True,18796,6.631563260642793
16_10-2,NPHI,True,2520,87.48199294620238
16_10-2,PEF,True,2570,87.23361979037306
16_10-2,RDEP,True,19653,2.374447369728283
16_10-2,RHOB,True,2520,87.48199294620238
16_10-2,RMED,True,19016,5.538721374993793
16_10-2,RMIC,False,0,100.0
16_10-2,ROP,False,0,100.0
16_10-2,ROPA,False,0,100.0
16_10-2,RSHA,False,0,100.0
16_10-2,RXO,False,0,100.0
16_10-2,SGR,False,0,100.0
16_10-2,SP,True,19558,2.8463563658039814
16_10-2,X_LOC,True,19653,2.374447369728283
16_10-2,Y_LOC,True,19653,2.374447369728283
16_10-2,Z_LOC,True,19653,2.374447369728283
16_10-3,BS,True,17995,0.0
16_10-3,CALI,True,16019,10.980828007779941
16_10-3,DCAL,True,15890,11.697693803834397
16_10-3,DEPT,True,17995,0.0
16_10-3,DEPTH_MD,True,17356,3.550986385106969
16_10-3,DRHO,True,10816,39.89441511530981
16_10-3,DTC,True,15911,11.580994720755767
16_10-3,DTS,True,3757,79.12197832731313
16_10-3,GR,True,17938,0.31675465407057235
16_10-3,MUDWEIGHT,True,17422,3.1842178382884168
16_10-3,NPHI,True,4703,73.86496248958044
16_10-3,PEF,True,10133,43.68991386496249
16_10-3,RDEP,True,17356,3.550986385106969
16_10-3,RHOB,True,10548,41.383717699360936
16_10-3,RMED,True,17357,3.545429285912749
16_10-3,RMIC,False,0,100.0
16_10-3,ROP,True,17457,2.989719366490695
16_10-3,ROPA,False,0,100.0
16_10-3,RSHA,True,15958,11.319811058627394
16_10-3,RXO,False,0,100.0
16_10-3,SGR,False,0,100.0
16_10-3,SP,True,11038,38.660739094192834
16_10-3,X_LOC,True,17356,3.550986385106969
16_10-3,Y_LOC,True,17356,3.550986385106969
16_10-3,Z_LOC,True,17356,3.550986385106969
16_10-5,BS,True,18808,0.0
16_10-5,CALI,True,2688,85.70820927264994
16_10-5,DCAL,True,2765,85.29880901743938
16_10-5,DEPT,True,18808,0.0
16_10-5,DEPTH_MD,True,18712,0.5104210974053558
16_10-5,DRHO,True,2767,85.28817524457676
16_10-5,DTC,True,12931,31.24734155678435
16_10-5,DTS,True,4015,78.6527009783071
16_10-5,GR,True,18799,0.047851977881752106
16_10-5,MUDWEIGHT,False,0,100.0
16_10-5,NPHI,True,2653,85.89430029774564
16_10-5,PEF,True,2603,86.16014461931093
16_10-5,RDEP,True,18712,0.5104210974053558
16_10-5,RHOB,True,2603,86.16014461931093
16_10-5,RMED,True,18712,0.5104210974053558
16_10-5,RMIC,False,0,100.0
16_10-5,ROP,True,18773,0.18609102509570263
16_10-5,ROPA,True,18775,0.17545725223309105
16_10-5,RSHA,True,18712,0.5104210974053558
16_10-5,RXO,False,0,100.0
16_10-5,SGR,False,0,100.0
16_10-5,SP,False,0,100.0
16_10-5,X_LOC,True,18712,0.5104210974053558
16_10-5,Y_LOC,True,18712,0.5104210974053558
16_10-5,Z_LOC,True,18712,0.5104210974053558
16_11-1 ST3,BS,True,16416,15.685670261941453
16_11-1 ST3,CALI,True,16739,14.026707755521317
16_11-1 ST3,DCAL,False,0,100.0
16_11-1 ST3,DEPT,True,19470,0.0
16_11-1 ST3,DEPTH_MD,True,9087,53.328197226502304
16_11-1 ST3,DRHO,True,3532,81.85927067283
16_11-1 ST3,DTC,True,16559,14.951206985105292
16_11-1 ST3,DTS,False,0,100.0
16_11-1 ST3,GR,True,18848,3.1946584488957375
16_11-1 ST3,MUDWEIGHT,True,10206,47.580893682588595
16_11-1 ST3,NPHI,True,3643,81.28916281458655
16_11-1 ST3,PEF,False,0,100.0
16_11-1 ST3,RDEP,True,9087,53.328197226502304
16_11-1 ST3,RHOB,True,3573,81.64869029275809
16_11-1 ST3,RMED,True,9138,53.06625577812019
16_11-1 ST3,RMIC,False,0,100.0
16_11-1 ST3,ROP,True,16876,13.323061119671287
16_11-1 ST3,ROPA,False,0,100.0
16_11-1 ST3,RSHA,True,3472,82.16743708269132
16_11-1 ST3,RXO,False,0,100.0
16_11-1 ST3,SGR,False,0,100.0
16_11-1 ST3,SP,True,9139,53.06111967128917
16_11-1 ST3,X_LOC,True,9087,53.328197226502304
16_11-1 ST3,Y_LOC,True,9087,53.328197226502304
16_11-1 ST3,Z_LOC,True,9087,53.328197226502304
16_2-11 A,BS,True,14672,0.0
16_2-11 A,CALI,True,10708,27.017448200654304
16_2-11 A,DCAL,False,0,100.0
16_2-11 A,DEPT,True,14672,0.0
16_2-11 A,DEPTH_MD,True,14617,0.3748636859323917
16_2-11 A,DRHO,True,10474,28.61232279171211
16_2-11 A,DTC,True,14428,1.6630316248636867
16_2-11 A,DTS,True,3818,73.97764449291166
16_2-11 A,GR,True,14642,0.20447110141766922
16_2-11 A,MUDWEIGHT,False,0,100.0
16_2-11 A,NPHI,True,10565,27.99209378407852
16_2-11 A,PEF,True,10398,29.130316248636856
16_2-11 A,RDEP,True,14617,0.3748636859323917
16_2-11 A,RHOB,True,10398,29.130316248636856
16_2-11 A,RMED,True,14593,0.5384405670665227
16_2-11 A,RMIC,True,1635,88.85632497273718
16_2-11 A,ROP,True,14671,0.0068157033805915646
16_2-11 A,ROPA,True,14644,0.1908396946564861
16_2-11 A,RSHA,False,0,100.0
16_2-11 A,RXO,False,0,100.0
16_2-11 A,SGR,False,0,100.0
16_2-11 A,SP,False,0,100.0
16_2-11 A,X_LOC,True,14617,0.3748636859323917
16_2-11 A,Y_LOC,True,14617,0.3748636859323917
16_2-11 A,Z_LOC,True,14617,0.3748636859323917
16_2-16,BS,True,13637,0.0
16_2-16,CALI,True,10027,26.472097968761453
16_2-16,DCAL,False,0,100.0
16_2-16,DEPT,True,13637,0.0
16_2-16,DEPTH_MD,True,13621,0.11732785803328927
16_2-16,DRHO,True,9821,27.98269414094009
16_2-16,DTC,True,13391,1.8039158172618586
16_2-16,DTS,True,3423,74.89917137200264
16_2-16,GR,True,13623,0.10266187577913088
16_2-16,MUDWEIGHT,False,0,100.0
16_2-16,NPHI,True,9898,27.418053824154875
16_2-16,PEF,True,9686,28.972647943095986
16_2-16,RDEP,True,13621,0.11732785803328927
16_2-16,RHOB,True,9686,28.972647943095986
16_2-16,RMED,True,13591,0.3373175918457094
16_2-16,RMIC,False,0,100.0
16_2-16,ROP,True,13605,0.23465571606657853
16_2-16,ROPA,False,0,100.0
16_2-16,RSHA,False,0,100.0
16_2-16,RXO,False,0,100.0
16_2-16,SGR,False,0,100.0
16_2-16,SP,False,0,100.0
16_2-16,X_LOC,True,13621,0.11732785803328927
16_2-16,Y_LOC,True,13621,0.11732785803328927
16_2-16,Z_LOC,True,13621,0.11732785803328927
16_2-6,BS,True,13094,0.0
16_2-6,CALI,True,8968,31.510615549106458
16_2-6,DCAL,False,0,100.0
16_2-6,DEPT,True,13094,0.0
16_2-6,DEPTH_MD,True,13079,0.11455628532152096
16_2-6,DRHO,True,8943,31.701542691308994
16_2-6,DTC,True,8883,32.15976783259508
16_2-6,DTS,True,1888,85.58118222086452
16_2-6,GR,True,13086,0.0610966855048134
16_2-6,MUDWEIGHT,False,0,100.0
16_2-6,NPHI,True,8921,31.869558576447233
16_2-6,PEF,True,8824,32.61035588819306
16_2-6,RDEP,True,13079,0.11455628532152096
16_2-6,RHOB,True,8824,32.61035588819306
16_2-6,RMED,True,13077,0.12983045669772153
16_2-6,RMIC,False,0,100.0
16_2-6,ROP,True,13093,0.007637085688105838
16_2-6,ROPA,True,13084,0.07637085688101397
16_2-6,RSHA,False,0,100.0
16_2-6,RXO,False,0,100.0
16_2-6,SGR,False,0,100.0
16_2-6,SP,False,0,100.0
16_2-6,X_LOC,True,13079,0.11455628532152096
16_2-6,Y_LOC,True,13079,0.11455628532152096
16_2-6,Z_LOC,True,13079,0.11455628532152096
16_2-7,BS,True,15539,0.10928259192594103
16_2-7,CALI,True,11729,24.601439958858318
16_2-7,DCAL,True,11080,28.77346361532528
16_2-7,DEPT,True,15556,0.0
16_2-7,DEPTH_MD,True,15507,0.31499100025713656
16_2-7,DRHO,True,11343,27.082797634353305
16_2-7,DTC,True,11760,24.402159938287483
16_2-7,DTS,True,6501,58.20905116996657
16_2-7,GR,True,15542,0.08999742864489457
16_2-7,MUDWEIGHT,False,0,100.0
16_2-7,NPHI,True,11341,27.095654409874005
16_2-7,PEF,True,11258,27.629210593983032
16_2-7,RDEP,True,15507,0.31499100025713656
16_2-7,RHOB,True,11263,27.59706865518128
16_2-7,RMED,True,15437,0.7649781434816094
16_2-7,RMIC,True,1673,89.24530727693495
16_2-7,ROP,True,15532,0.15428130624839387
16_2-7,ROPA,True,15535,0.1349961429673474
16_2-7,RSHA,False,0,100.0
16_2-7,RXO,False,0,100.0
16_2-7,SGR,False,0,100.0
16_2-7,SP,False,0,100.0
16_2-7,X_LOC,True,15507,0.31499100025713656
16_2-7,Y_LOC,True,15507,0.31499100025713656
16_2-7,Z_LOC,True,15507,0.31499100025713656
16_4-1,BS,True,15790,14.296569691706473
16_4-1,CALI,True,15788,14.307425097698657
16_4-1,DCAL,True,14133,23.290273556231
16_4-1,DEPT,True,18424,0.0
16_4-1,DEPTH_MD,True,17775,3.5225792444637416
16_4-1,DRHO,True,16059,12.836517585757711
16_4-1,DTC,True,17694,3.962223187147196
16_4-1,DTS,False,0,100.0
16_4-1,GR,True,18347,0.41793313069908855
16_4-1,MUDWEIGHT,True,17211,6.583803734259663
16_4-1,NPHI,True,15974,13.297872340425531
16_4-1,PEF,True,1148,93.76899696048632
16_4-1,RDEP,True,17775,3.5225792444637416
16_4-1,RHOB,True,15914,13.62353452019105
16_4-1,RMED,True,17082,7.283977420755539
16_4-1,RMIC,False,0,100.0
16_4-1,ROP,True,18298,0.6838905775075954
16_4-1,ROPA,False,0,100.0
16_4-1,RSHA,True,16066,12.798523664785066
16_4-1,RXO,True,4469,75.74359531046461
16_4-1,SGR,False,0,100.0
16_4-1,SP,True,18414,0.054277029960925205
16_4-1,X_LOC,True,17775,3.5225792444637416
16_4-1,Y_LOC,True,17775,3.5225792444637416
16_4-1,Z_LOC,True,17775,3.5225792444637416
16_5-3,BS,True,11905,2.903515210831087
16_5-3,CALI,True,3026,75.32012070793573
16_5-3,DCAL,False,0,100.0
16_5-3,DEPT,True,12261,0.0
16_5-3,DEPTH_MD,True,11811,3.670173721556158
16_5-3,DRHO,True,3026,75.32012070793573
16_5-3,DTC,True,3303,73.06092488377783
16_5-3,DTS,True,3165,74.18644482505505
16_5-3,GR,True,11869,3.1971291085555853
16_5-3,MUDWEIGHT,False,0,100.0
16_5-3,NPHI,True,2984,75.66267025528097
16_5-3,PEF,True,3008,75.46692765679798
16_5-3,RDEP,True,11811,3.670173721556158
16_5-3,RHOB,True,3008,75.46692765679798
16_5-3,RMED,True,11723,4.387896582660467
16_5-3,RMIC,True,3008,75.46692765679798
16_5-3,ROP,True,11905,2.903515210831087
16_5-3,ROPA,True,12249,0.09787129924149207
16_5-3,RSHA,False,0,100.0
16_5-3,RXO,False,0,100.0
16_5-3,SGR,False,0,100.0
16_5-3,SP,False,0,100.0
16_5-3,X_LOC,True,11811,3.670173721556158
16_5-3,Y_LOC,True,11811,3.670173721556158
16_5-3,Z_LOC,True,11811,3.670173721556158
16_7-4,BS,True,17208,1.1716057891109632
16_7-4,CALI,True,17347,0.3733057661382988
16_7-4,DCAL,True,17347,0.3733057661382988
16_7-4,DEPT,True,17412,0.0
16_7-4,DEPTH_MD,True,17163,1.4300482425913197
16_7-4,DRHO,True,9864,43.34941419710544
16_7-4,DTC,True,17157,1.4645072363887013
16_7-4,DTS,False,0,100.0
16_7-4,GR,True,17303,0.6260050539857565
16_7-4,MUDWEIGHT,True,17269,0.8212726855042485
16_7-4,NPHI,True,10145,41.73558465426142
16_7-4,PEF,False,0,100.0
16_7-4,RDEP,True,17163,1.4300482425913197
16_7-4,RHOB,True,17196,1.2405237767057153
16_7-4,RMED,True,17163,1.4300482425913197
16_7-4,RMIC,False,0,100.0
16_7-4,ROP,True,17368,0.25269928784745765
16_7-4,ROPA,False,0,100.0
16_7-4,RSHA,True,1829,89.49575005743165
16_7-4,RXO,False,0,100.0
16_7-4,SGR,False,0,100.0
16_7-4,SP,True,17391,0.12060647829083004
16_7-4,X_LOC,True,17163,1.4300482425913197
16_7-4,Y_LOC,True,17163,1.4300482425913197
16_7-4,Z_LOC,True,17163,1.4300482425913197
16_7-5,BS,False,0,100.0
16_7-5,CALI,True,16101,12.911077455646902
16_7-5,DCAL,False,0,100.0
16_7-5,DEPT,True,18488,0.0
16_7-5,DEPTH_MD,True,18480,0.04327131112072946
16_7-5,DRHO,True,10906,41.01038511466898
16_7-5,DTC,True,17077,7.631977498918219
16_7-5,DTS,False,0,100.0
16_7-5,GR,True,18422,0.3569883167459986
16_7-5,MUDWEIGHT,True,16434,11.109909130246642
16_7-5,NPHI,True,10905,41.01579402855906
16_7-5,PEF,True,10898,41.0536564257897
16_7-5,RDEP,True,18480,0.04327131112072946
16_7-5,RHOB,True,10905,41.01579402855906
16_7-5,RMED,True,18481,0.03786239723063689
16_7-5,RMIC,False,0,100.0
16_7-5,ROP,True,17892,3.2237126784941617
16_7-5,ROPA,False,0,100.0
16_7-5,RSHA,True,18481,0.03786239723063689
16_7-5,RXO,False,0,100.0
16_7-5,SGR,False,0,100.0
16_7-5,SP,True,18481,0.03786239723063689
16_7-5,X_LOC,True,18480,0.04327131112072946
16_7-5,Y_LOC,True,18480,0.04327131112072946
16_7-5,Z_LOC,True,18480,0.04327131112072946
16_7-6,BS,True,17302,0.011558021266755425
16_7-6,CALI,True,10554,39.00832177531207
16_7-6,DCAL,True,10673,38.3206195099399
16_7-6,DEPT,True,17304,0.0
16_7-6,DEPTH_MD,True,16159,6.616967175219601
16_7-6,DRHO,True,10532,39.135460009246415
16_7-6,DTC,True,10561,38.967868700878405
16_7-6,DTS,True,10240,40.82293111419325
16_7-6,GR,True,15983,7.6340730466944
16_7-6,MUDWEIGHT,False,0,100.0
16_7-6,NPHI,True,10482,39.4244105409154
16_7-6,PEF,True,10641,38.505547850208046
16_7-6,RDEP,True,16159,6.616967175219601
16_7-6,RHOB,True,10530,39.14701803051318
16_7-6,RMED,True,16149,6.674757281553401
16_7-6,RMIC,True,15848,8.414239482200648
16_7-6,ROP,True,16075,7.102404068423485
16_7-6,ROPA,False,0,100.0
16_7-6,RSHA,True,16149,6.674757281553401
16_7-6,RXO,False,0,100.0
16_7-6,SGR,True,1223,92.9322699953768
16_7-6,SP,True,10674,38.31484049930653
16_7-6,X_LOC,True,16159,6.616967175219601
16_7-6,Y_LOC,True,16159,6.616967175219601
16_7-6,Z_LOC,True,16159,6.616967175219601
16_8-1,BS,False,0,100.0
16_8-1,CALI,True,6709,54.003839297956944
16_8-1,DCAL,False,0,100.0
16_8-1,DEPT,True,14586,0.0
16_8-1,DEPTH_MD,True,11888,18.49718908542438
16_8-1,DRHO,True,6712,53.98327163033046
16_8-1,DTC,True,13935,4.463183874948584
16_8-1,DTS,False,0,100.0
16_8-1,GR,True,14540,0.3153709036061936
16_8-1,MUDWEIGHT,True,13706,6.03318250377074
16_8-1,NPHI,True,4987,65.80968051556286
16_8-1,PEF,False,0,100.0
16_8-1,RDEP,True,11888,18.49718908542438
16_8-1,RHOB,True,6709,54.003839297956944
16_8-1,RMED,True,11887,18.504044974633203
16_8-1,RMIC,False,0,100.0
16_8-1,ROP,True,14418,1.1517893870835016
16_8-1,ROPA,False,0,100.0
16_8-1,RSHA,True,11888,18.49718908542438
16_8-1,RXO,False,0,100.0
16_8-1,SGR,False,0,100.0
16_8-1,SP,True,11888,18.49718908542438
16_8-1,X_LOC,True,11888,18.49718908542438
16_8-1,Y_LOC,True,11888,18.49718908542438
16_8-1,Z_LOC,True,11888,18.49718908542438
17_11-1,BS,False,0,100.0
17_11-1,CALI,True,20296,1.1542395168752773
17_11-1,DCAL,False,0,100.0
17_11-1,DEPT,True,20533,0.0
17_11-1,DEPTH_MD,True,20293,1.168850143671163
17_11-1,DRHO,True,18629,9.272877806457902
17_11-1,DTC,True,17939,12.63332196951249
17_11-1,DTS,False,0,100.0
17_11-1,GR,True,20306,1.1055374275556473
17_11-1,MUDWEIGHT,True,19531,4.879949349827106
17_11-1,NPHI,True,17642,14.079774022305557
17_11-1,PEF,False,0,100.0
17_11-1,RDEP,True,20293,1.168850143671163
17_11-1,RHOB,True,18629,9.272877806457902
17_11-1,RMED,True,12555,38.85452685920227
17_11-1,RMIC,False,0,100.0
17_11-1,ROP,True,20407,0.6136463254273639
17_11-1,ROPA,False,0,100.0
17_11-1,RSHA,True,15353,25.227682267569275
17_11-1,RXO,False,0,100.0
17_11-1,SGR,False,0,100.0
17_11-1,SP,True,12559,38.835046023474405
17_11-1,X_LOC,True,20293,1.168850143671163
17_11-1,Y_LOC,True,20293,1.168850143671163
17_11-1,Z_LOC,True,20293,1.168850143671163
17_4-1,BS,False,0,100.0
17_4-1,CALI,True,18768,26.16837136113297
17_4-1,DCAL,False,0,100.0
17_4-1,DEPT,True,25420,0.0
17_4-1,DEPTH_MD,True,23465,7.690794649881982
17_4-1,DRHO,True,11562,54.516129032258064
17_4-1,DTC,True,23363,8.092053501180175
17_4-1,DTS,False,0,100.0
17_4-1,GR,True,25351,0.27143981117230265
17_4-1,MUDWEIGHT,False,0,100.0
17_4-1,NPHI,True,7261,71.43587726199843
17_4-1,PEF,False,0,100.0
17_4-1,RDEP,True,23465,7.690794649881982
17_4-1,RHOB,True,13740,45.94807238394964
17_4-1,RMED,True,15907,37.42328874901653
17_4-1,RMIC,False,0,100.0
17_4-1,ROP,True,23083,9.193548387096772
17_4-1,ROPA,False,0,100.0
17_4-1,RSHA,True,6295,75.2360346184107
17_4-1,RXO,True,6838,73.09992132179386
17_4-1,SGR,False,0,100.0
17_4-1,SP,True,14123,44.44138473642801
17_4-1,X_LOC,True,23465,7.690794649881982
17_4-1,Y_LOC,True,23465,7.690794649881982
17_4-1,Z_LOC,True,23465,7.690794649881982
25_10-10,BS,True,15029,2.065684869021245
25_10-10,CALI,True,9349,39.07858725400756
25_10-10,DCAL,True,9349,39.07858725400756
25_10-10,DEPT,True,15346,0.0
25_10-10,DEPTH_MD,True,14910,2.841131239410921
25_10-10,DRHO,True,9304,39.371823276423825
25_10-10,DTC,True,9115,40.60341457057214
25_10-10,DTS,True,2974,80.62035709631175
25_10-10,GR,True,14979,2.3915026717059806
25_10-10,MUDWEIGHT,False,0,100.0
25_10-10,NPHI,True,9242,39.7758373517529
25_10-10,PEF,True,9213,39.96481167731005
25_10-10,RDEP,True,14910,2.841131239410921
25_10-10,RHOB,True,9213,39.96481167731005
25_10-10,RMED,True,14908,2.854163951518307
25_10-10,RMIC,True,3029,80.26195751335852
25_10-10,ROP,True,15001,2.2481428385246915
25_10-10,ROPA,True,15261,0.5538902645640609
25_10-10,RSHA,True,14910,2.841131239410921
25_10-10,RXO,False,0,100.0
25_10-10,SGR,False,0,100.0
25_10-10,SP,False,0,100.0
25_10-10,X_LOC,True,14910,2.841131239410921
25_10-10,Y_LOC,True,14910,2.841131239410921
25_10-10,Z_LOC,True,14910,2.841131239410921
25_10-9,BS,True,18704,4.760934874484446
25_10-9,CALI,True,10790,45.05830235755385
25_10-9,DCAL,True,10790,45.05830235755385
25_10-9,DEPT,True,19639,0.0
25_10-9,DEPTH_MD,True,18685,4.8576811446611305
25_10-9,DRHO,True,10788,45.06848617546718
25_10-9,DTC,True,10689,45.572585162177305
25_10-9,DTS,True,10549,46.28545241611079
25_10-9,GR,True,18688,4.842405417791129
25_10-9,MUDWEIGHT,False,0,100.0
25_10-9,NPHI,True,10616,45.944294516014054
25_10-9,PEF,True,10682,45.60822852487397
25_10-9,RDEP,True,18685,4.8576811446611305
25_10-9,RHOB,True,10582,46.11741942054076
25_10-9,RMED,True,18623,5.17337949997454
25_10-9,RMIC,False,0,100.0
25_10-9,ROP,True,18704,4.760934874484446
25_10-9,ROPA,True,18623,5.17337949997454
25_10-9,RSHA,False,0,100.0
25_10-9,RXO,False,0,100.0
25_10-9,SGR,False,0,100.0
25_10-9,SP,False,0,100.0
25_10-9,X_LOC,True,18685,4.8576811446611305
25_10-9,Y_LOC,True,18685,4.8576811446611305
25_10-9,Z_LOC,True,18685,4.8576811446611305
25_11-15,BS,True,6031,51.37074665376552
25_11-15,CALI,True,5912,52.33026931140139
25_11-15,DCAL,False,0,100.0
25_11-15,DEPT,True,12402,0.0
25_11-15,DEPTH_MD,True,12268,1.0804708917916517
25_11-15,DRHO,True,5912,52.33026931140139
25_11-15,DTC,True,11291,8.9582325431382
25_11-15,DTS,False,0,100.0
25_11-15,GR,True,12383,0.15320109659732184
25_11-15,MUDWEIGHT,True,4625,62.707627801967426
25_11-15,NPHI,True,5797,53.25753910659571
25_11-15,PEF,False,0,100.0
25_11-15,RDEP,True,12173,1.8464763747782609
25_11-15,RHOB,True,11004,11.272375423318815
25_11-15,RMED,True,11866,4.3218835671665845
25_11-15,RMIC,False,0,100.0
25_11-15,ROP,True,12400,0.016126431220775395
25_11-15,ROPA,False,0,100.0
25_11-15,RSHA,True,4639,62.59474278342203
25_11-15,RXO,False,0,100.0
25_11-15,SGR,False,0,100.0
25_11-15,SP,True,11776,5.047572972101277
25_11-15,X_LOC,True,12268,1.0804708917916517
25_11-15,Y_LOC,True,12268,1.0804708917916517
25_11-15,Z_LOC,True,12268,1.0804708917916517
25_11-19 S,BS,False,0,100.0
25_11-19 S,CALI,True,7209,47.69643764057172
25_11-19 S,DCAL,False,0,100.0
25_11-19 S,DEPT,True,13783,0.0
25_11-19 S,DEPTH_MD,True,13250,3.8670826380323597
25_11-19 S,DRHO,True,7986,42.059058260175576
25_11-19 S,DTC,True,8199,40.51367626786622
25_11-19 S,DTS,False,0,100.0
25_11-19 S,GR,True,13295,3.540593484727561
25_11-19 S,MUDWEIGHT,True,8224,40.332293404919106
25_11-19 S,NPHI,True,8235,40.25248494522238
25_11-19 S,PEF,True,8016,41.84139882463905
25_11-19 S,RDEP,True,13250,3.8670826380323597
25_11-19 S,RHOB,True,8279,39.93325110643546
25_11-19 S,RMED,True,13250,3.8670826380323597
25_11-19 S,RMIC,False,0,100.0
25_11-19 S,ROP,True,13717,0.47885075818037137
25_11-19 S,ROPA,False,0,100.0
25_11-19 S,RSHA,True,13251,3.8598273235144753
25_11-19 S,RXO,False,0,100.0
25_11-19 S,SGR,False,0,100.0
25_11-19 S,SP,False,0,100.0
25_11-19 S,X_LOC,True,13250,3.8670826380323597
25_11-19 S,Y_LOC,True,13250,3.8670826380323597
25_11-19 S,Z_LOC,True,13250,3.8670826380323597
25_11-24,BS,True,12476,4.413116763714376
25_11-24,CALI,True,6540,49.89273674532638
25_11-24,DCAL,True,4196,67.8516702421085
25_11-24,DEPT,True,13052,0.0
25_11-24,DEPTH_MD,True,12421,4.834508121360715
25_11-24,DRHO,True,6493,50.2528348145878
25_11-24,DTC,True,11574,11.323935029114306
25_11-24,DTS,True,6524,50.01532332209623
25_11-24,GR,True,10983,15.851976708550408
25_11-24,MUDWEIGHT,False,0,100.0
25_11-24,NPHI,True,6378,51.133925835121055
25_11-24,PEF,True,6424,50.781489426907754
25_11-24,RDEP,True,10890,16.564511186025133
25_11-24,RHOB,True,6429,50.74318112166718
25_11-24,RMED,True,10832,17.00888752681582
25_11-24,RMIC,True,6312,51.63959546429666
25_11-24,ROP,True,12458,4.5510266625804485
25_11-24,ROPA,True,13006,0.3524364082132969
25_11-24,RSHA,False,0,100.0
25_11-24,RXO,False,0,100.0
25_11-24,SGR,False,0,100.0
25_11-24,SP,False,0,100.0
25_11-24,X_LOC,True,12421,4.834508121360715
25_11-24,Y_LOC,True,12421,4.834508121360715
25_11-24,Z_LOC,True,12421,4.834508121360715
25_11-5,BS,True,13266,0.532353602759239
25_11-5,CALI,True,11777,11.696783384569242
25_11-5,DCAL,True,11777,11.696783384569242
25_11-5,DEPT,True,13337,0.0
25_11-5,DEPTH_MD,True,11730,12.04918647371973
25_11-5,DRHO,True,5157,61.3331333883182
25_11-5,DTC,True,10571,20.739296693409315
25_11-5,DTS,False,0,100.0
25_11-5,GR,True,13279,0.43488040788782767
25_11-5,MUDWEIGHT,True,12783,4.153857689135487
25_11-5,NPHI,True,6660,50.063732473569765
25_11-5,PEF,False,0,100.0
25_11-5,RDEP,True,11730,12.04918647371973
25_11-5,RHOB,True,5159,61.31813751218416
25_11-5,RMED,True,11731,12.041688535652694
25_11-5,RMIC,False,0,100.0
25_11-5,ROP,True,12807,3.9739071755267252
25_11-5,ROPA,False,0,100.0
25_11-5,RSHA,False,0,100.0
25_11-5,RXO,False,0,100.0
25_11-5,SGR,False,0,100.0
25_11-5,SP,True,11686,12.379095748669112
25_11-5,X_LOC,True,11730,12.04918647371973
25_11-5,Y_LOC,True,11730,12.04918647371973
25_11-5,Z_LOC,True,11730,12.04918647371973
25_2-13 T4,BS,True,24492,0.0
25_2-13 T4,CALI,True,21083,13.918830638575862
25_2-13 T4,DCAL,True,20861,14.825249060917855
25_2-13 T4,DEPT,True,24492,0.0
25_2-13 T4,DEPTH_MD,True,24340,0.6206108116936115
25_2-13 T4,DRHO,True,20813,15.02123142250531
25_2-13 T4,DTC,True,20941,14.49861179160542
25_2-13 T4,DTS,False,0,100.0
25_2-13 T4,GR,True,24416,0.3103054058468113
25_2-13 T4,MUDWEIGHT,False,0,100.0
25_2-13 T4,NPHI,True,3969,83.79470847623713
25_2-13 T4,PEF,True,18499,24.469214437367302
25_2-13 T4,RDEP,True,24340,0.6206108116936115
25_2-13 T4,RHOB,True,20661,15.641842234198922
25_2-13 T4,RMED,True,20852,14.861995753715496
25_2-13 T4,RMIC,False,0,100.0
25_2-13 T4,ROP,False,0,100.0
25_2-13 T4,ROPA,False,0,100.0
25_2-13 T4,RSHA,True,20854,14.85382982198269
25_2-13 T4,RXO,True,3135,87.19990200881921
25_2-13 T4,SGR,False,0,100.0
25_2-13 T4,SP,True,24492,0.0
25_2-13 T4,X_LOC,True,24340,0.6206108116936115
25_2-13 T4,Y_LOC,True,24340,0.6206108116936115
25_2-13 T4,Z_LOC,True,24340,0.6206108116936115
25_2-14,BS,True,22918,0.1959674258589894
25_2-14,CALI,True,15946,30.557853938945257
25_2-14,DCAL,True,15990,30.36624134477203
25_2-14,DEPT,True,22963,0.0
25_2-14,DEPTH_MD,True,15947,30.55349910725951
25_2-14,DRHO,True,15967,30.466402473544395
25_2-14,DTC,True,15294,33.39720419805775
25_2-14,DTS,False,0,100.0
25_2-14,GR,True,22897,0.28741889125984965
25_2-14,MUDWEIGHT,False,0,100.0
25_2-14,NPHI,True,3931,82.88115664329574
25_2-14,PEF,True,16260,29.19043678961808
25_2-14,RDEP,True,15947,30.55349910725951
25_2-14,RHOB,True,16275,29.125114314331746
25_2-14,RMED,True,15942,30.575273265688285
25_2-14,RMIC,False,0,100.0
25_2-14,ROP,True,232,98.98967904890476
25_2-14,ROPA,False,0,100.0
25_2-14,RSHA,True,15945,30.562208770631017
25_2-14,RXO,False,0,100.0
25_2-14,SGR,False,0,100.0
25_2-14,SP,True,16290,29.059791839045424
25_2-14,X_LOC,True,15947,30.55349910725951
25_2-14,Y_LOC,True,15947,30.55349910725951
25_2-14,Z_LOC,True,15947,30.55349910725951
25_2-7,BS,True,25620,1.6846387044783029
25_2-7,CALI,True,25620,1.6846387044783029
25_2-7,DCAL,False,0,100.0
25_2-7,DEPT,True,26059,0.0
25_2-7,DEPTH_MD,True,26058,0.0038374457960732578
25_2-7,DRHO,True,25643,1.596377451168507
25_2-7,DTC,True,25487,2.19501899535669
25_2-7,DTS,False,0,100.0
25_2-7,GR,True,25941,0.45281860393722173
25_2-7,MUDWEIGHT,True,10395,60.109750949767836
25_2-7,NPHI,True,12488,52.0779768985763
25_2-7,PEF,True,25645,1.5887025595763493
25_2-7,RDEP,True,26058,0.0038374457960732578
25_2-7,RHOB,True,25643,1.596377451168507
25_2-7,RMED,True,26058,0.0038374457960732578
25_2-7,RMIC,False,0,100.0
25_2-7,ROP,True,9707,62.74991365746958
25_2-7,ROPA,False,0,100.0
25_2-7,RSHA,True,26056,0.011512337388230875
25_2-7,RXO,True,1886,92.76257722859664
25_2-7,SGR,False,0,100.0
25_2-7,SP,True,26058,0.0038374457960732578
25_2-7,X_LOC,True,26058,0.0038374457960732578
25_2-7,Y_LOC,True,26058,0.0038374457960732578
25_2-7,Z_LOC,True,26058,0.0038374457960732578
25_3-1,BS,True,24618,1.3820454272323035
25_3-1,CALI,True,21211,15.030244762248124
25_3-1,DCAL,True,21062,15.627128149661495
25_3-1,DEPT,True,24963,0.0
25_3-1,DEPTH_MD,True,24672,1.1657252734046386
25_3-1,DRHO,True,21227,14.966149901854742
25_3-1,DTC,True,21038,15.723270440251568
25_3-1,DTS,False,0,100.0
25_3-1,GR,True,24584,1.5182470055682407
25_3-1,MUDWEIGHT,True,24908,0.22032608260225128
25_3-1,NPHI,True,6225,75.06309337819974
25_3-1,PEF,True,21221,14.99018547450226
25_3-1,RDEP,True,24672,1.1657252734046386
25_3-1,RHOB,True,21223,14.982173616953087
25_3-1,RMED,True,21216,15.010215118375193
25_3-1,RMIC,True,5886,76.42110323278453
25_3-1,ROP,True,24888,0.300444658093979
25_3-1,ROPA,False,0,100.0
25_3-1,RSHA,True,6358,74.53030485117975
25_3-1,RXO,True,6370,74.48223370588471
25_3-1,SGR,False,0,100.0
25_3-1,SP,True,21277,14.765853463125422
25_3-1,X_LOC,True,24672,1.1657252734046386
25_3-1,Y_LOC,True,24672,1.1657252734046386
25_3-1,Z_LOC,True,24672,1.1657252734046386
25_4-5,BS,True,27689,0.0072225632877120916
25_4-5,CALI,True,23007,16.91524321981871
25_4-5,DCAL,True,23008,16.911631938174853
25_4-5,DEPT,True,27691,0.0
25_4-5,DEPTH_MD,True,27265,1.538405980282398
25_4-5,DRHO,True,22979,17.016359105846668
25_4-5,DTC,True,27166,1.895922863024091
25_4-5,DTS,False,0,100.0
25_4-5,GR,True,27662,0.10472716767180312
25_4-5,MUDWEIGHT,False,0,100.0
25_4-5,NPHI,True,23009,16.908020656530997
25_4-5,PEF,True,5779,79.13040338015962
25_4-5,RDEP,True,27265,1.538405980282398
25_4-5,RHOB,True,23009,16.908020656530997
25_4-5,RMED,True,27256,1.5709075150771024
25_4-5,RMIC,True,6156,77.76895020042613
25_4-5,ROP,False,0,100.0
25_4-5,ROPA,False,0,100.0
25_4-5,RSHA,True,6227,77.5125492037124
25_4-5,RXO,False,0,100.0
25_4-5,SGR,False,0,100.0
25_4-5,SP,False,0,100.0
25_4-5,X_LOC,True,27265,1.538405980282398
25_4-5,Y_LOC,True,27265,1.538405980282398
25_4-5,Z_LOC,True,27265,1.538405980282398
25_5-1,BS,False,0,100.0
25_5-1,CALI,True,18688,13.597484858292109
25_5-1,DCAL,False,0,100.0
25_5-1,DEPT,True,21629,0.0
25_5-1,DEPTH_MD,True,21144,2.24235979472005
25_5-1,DRHO,True,18682,13.625225391835038
25_5-1,DTC,True,18454,14.679365666466316
25_5-1,DTS,False,0,100.0
25_5-1,GR,True,21081,2.533635396920797
25_5-1,MUDWEIGHT,True,18394,14.956771001895607
25_5-1,NPHI,True,3465,83.97984187895881
25_5-1,PEF,True,18683,13.620601969577883
25_5-1,RDEP,True,21144,2.24235979472005
25_5-1,RHOB,True,18682,13.625225391835038
25_5-1,RMED,True,18636,13.83790281566415
25_5-1,RMIC,False,0,100.0
25_5-1,ROP,True,21612,0.07859817837163607
25_5-1,ROPA,False,0,100.0
25_5-1,RSHA,True,3062,85.84308104859217
25_5-1,RXO,True,3064,85.83383420407786
25_5-1,SGR,False,0,100.0
25_5-1,SP,True,18709,13.500392990891863
25_5-1,X_LOC,True,21144,2.24235979472005
25_5-1,Y_LOC,True,21144,2.24235979472005
25_5-1,Z_LOC,True,21144,2.24235979472005
25_5-3,BS,True,11091,38.581238232362395
25_5-3,CALI,True,11321,37.30756451434267
25_5-3,DCAL,False,0,100.0
25_5-3,DEPT,True,18058,0.0
25_5-3,DEPTH_MD,True,17740,1.7609923579576914
25_5-3,DRHO,True,11155,38.22682467604386
25_5-3,DTC,True,11117,38.43725772510799
25_5-3,DTS,False,0,100.0
25_5-3,GR,True,17958,0.5537711817476976
25_5-3,MUDWEIGHT,False,0,100.0
25_5-3,NPHI,True,3539,80.40203787794883
25_5-3,PEF,True,11108,38.487097131465276
25_5-3,RDEP,True,17740,1.7609923579576914
25_5-3,RHOB,True,11156,38.22128696422639
25_5-3,RMED,True,11271,37.584450105216526
25_5-3,RMIC,False,0,100.0
25_5-3,ROP,False,0,100.0
25_5-3,ROPA,False,0,100.0
25_5-3,RSHA,True,867,95.19880385424743
25_5-3,RXO,True,885,95.09912504153284
25_5-3,SGR,False,0,100.0
25_5-3,SP,True,11172,38.13268357514675
25_5-3,X_LOC,True,17740,1.7609923579576914
25_5-3,Y_LOC,True,17740,1.7609923579576914
25_5-3,Z_LOC,True,17740,1.7609923579576914
25_5-4,BS,True,19998,0.11487937665450865
25_5-4,CALI,True,13057,34.78347734878378
25_5-4,DCAL,True,13048,34.82843014834424
25_5-4,DEPT,True,20021,0.0
25_5-4,DEPTH_MD,True,13019,34.97327805803906
25_5-4,DRHO,True,13049,34.823435392837524
25_5-4,DTC,True,12996,35.08815743469357
25_5-4,DTS,False,0,100.0
25_5-4,GR,True,19636,1.9229808700864104
25_5-4,MUDWEIGHT,False,0,100.0
25_5-4,NPHI,True,2575,87.13850457020129
25_5-4,PEF,True,13130,34.41886019679337
25_5-4,RDEP,True,13019,34.97327805803906
25_5-4,RHOB,True,13030,34.91833574746516
25_5-4,RMED,True,13021,34.96328854702563
25_5-4,RMIC,False,0,100.0
25_5-4,ROP,False,0,100.0
25_5-4,ROPA,False,0,100.0
25_5-4,RSHA,True,1702,91.49892612756607
25_5-4,RXO,True,13460,32.770590879576446
25_5-4,SGR,False,0,100.0
25_5-4,SP,True,13532,32.41096848309275
25_5-4,X_LOC,True,13019,34.97327805803906
25_5-4,Y_LOC,True,13019,34.97327805803906
25_5-4,Z_LOC,True,13019,34.97327805803906
25_6-1,BS,True,17072,5.3291188376864636
25_6-1,CALI,True,17374,3.6544113569566883
25_6-1,DCAL,True,17374,3.6544113569566883
25_6-1,DEPT,True,18033,0.0
25_6-1,DEPTH_MD,True,17206,4.586036710475239
25_6-1,DRHO,True,17376,3.6433205789386136
25_6-1,DTC,True,16837,6.632285254810622
25_6-1,DTS,False,0,100.0
25_6-1,GR,True,17888,0.8040814063106527
25_6-1,MUDWEIGHT,True,17184,4.708035268674093
25_6-1,NPHI,True,4575,74.62984528364665
25_6-1,PEF,False,0,100.0
25_6-1,RDEP,True,17134,4.985304719126049
25_6-1,RHOB,True,17168,4.7967614928187245
25_6-1,RMED,True,17223,4.491765097321576
25_6-1,RMIC,False,0,100.0
25_6-1,ROP,True,17932,0.5600842899129321
25_6-1,ROPA,False,0,100.0
25_6-1,RSHA,True,17376,3.6433205789386136
25_6-1,RXO,False,0,100.0
25_6-1,SGR,False,0,100.0
25_6-1,SP,True,17359,3.737592192092276
25_6-1,X_LOC,True,17206,4.586036710475239
25_6-1,Y_LOC,True,17206,4.586036710475239
25_6-1,Z_LOC,True,17206,4.586036710475239
25_6-2,BS,True,9010,39.269344836883256
25_6-2,CALI,True,8871,40.206255055270965
25_6-2,DCAL,False,0,100.0
25_6-2,DEPT,True,14836,0.0
25_6-2,DEPTH_MD,True,14481,2.3928282555945035
25_6-2,DRHO,True,8841,40.408465893771904
25_6-2,DTC,True,14617,1.4761391210568853
25_6-2,DTS,False,0,100.0
25_6-2,GR,True,9045,39.03343219196549
25_6-2,MUDWEIGHT,True,14144,4.664330008088435
25_6-2,NPHI,True,2224,85.00943650579671
25_6-2,PEF,False,0,100.0
25_6-2,RDEP,True,14481,2.3928282555945035
25_6-2,RHOB,True,8841,40.408465893771904
25_6-2,RMED,True,9010,39.269344836883256
25_6-2,RMIC,True,2335,84.26125640334322
25_6-2,ROP,True,14044,5.33836613642491
25_6-2,ROPA,False,0,100.0
25_6-2,RSHA,True,2397,83.8433540037746
25_6-2,RXO,True,2434,83.59396063629009
25_6-2,SGR,False,0,100.0
25_6-2,SP,True,9045,39.03343219196549
25_6-2,X_LOC,True,14481,2.3928282555945035
25_6-2,Y_LOC,True,14481,2.3928282555945035
25_6-2,Z_LOC,True,14481,2.3928282555945035
25_6-3,BS,True,15060,2.1315310631661033
25_6-3,CALI,True,12039,21.763711983363663
25_6-3,DCAL,False,0,100.0
25_6-3,DEPT,True,15388,0.0
25_6-3,DEPTH_MD,True,15013,2.436963867949049
25_6-3,DRHO,False,0,100.0
25_6-3,DTC,True,12170,20.91239927216012
25_6-3,DTS,True,12119,21.2438263582012
25_6-3,GR,True,14894,3.2102937353782113
25_6-3,MUDWEIGHT,True,8230,46.516766311411494
25_6-3,NPHI,True,8221,46.57525344424227
25_6-3,PEF,False,0,100.0
25_6-3,RDEP,True,15013,2.436963867949049
25_6-3,RHOB,True,8247,46.40629061606446
25_6-3,RMED,True,14972,2.7034052508448148
25_6-3,RMIC,True,8246,46.412789186379
25_6-3,ROP,True,15372,0.10397712503249501
25_6-3,ROPA,False,0,100.0
25_6-3,RSHA,True,8245,46.41928775669353
25_6-3,RXO,False,0,100.0
25_6-3,SGR,False,0,100.0
25_6-3,SP,True,5020,67.37717702105537
25_6-3,X_LOC,True,15013,2.436963867949049
25_6-3,Y_LOC,True,15013,2.436963867949049
25_6-3,Z_LOC,True,15013,2.436963867949049
25_7-2,BS,True,24007,24.234677775673795
25_7-2,CALI,True,23985,24.304109070251844
25_7-2,DCAL,True,23982,24.31357697405795
25_7-2,DEPT,True,31686,0.0
25_7-2,DEPTH_MD,True,31088,1.8872688253487313
25_7-2,DRHO,True,28945,8.650508110837595
25_7-2,DTC,True,28547,9.906583349113173
25_7-2,DTS,False,0,100.0
25_7-2,GR,True,30985,2.212333522691412
25_7-2,MUDWEIGHT,False,0,100.0
25_7-2,NPHI,True,6329,80.02587893707
25_7-2,PEF,True,13565,57.189294956763234
25_7-2,RDEP,True,31088,1.8872688253487313
25_7-2,RHOB,True,28926,8.71047150160954
25_7-2,RMED,True,29639,6.460266363693745
25_7-2,RMIC,True,23919,24.51240295398599
25_7-2,ROP,True,31586,0.31559679353657666
25_7-2,ROPA,False,0,100.0
25_7-2,RSHA,True,23890,24.6039260241116
25_7-2,RXO,True,23777,24.960550400807925
25_7-2,SGR,True,2777,91.23587704348924
25_7-2,SP,True,22866,27.835637189926153
25_7-2,X_LOC,True,31088,1.8872688253487313
25_7-2,Y_LOC,True,31088,1.8872688253487313
25_7-2,Z_LOC,True,31088,1.8872688253487313
25_8-5 S,BS,True,20518,0.09251594682767594
25_8-5 S,CALI,True,14713,28.358572332862643
25_8-5 S,DCAL,True,14609,28.864975410235182
25_8-5 S,DEPT,True,20537,0.0
25_8-5 S,DEPTH_MD,True,20490,0.2288552368895136
25_8-5 S,DRHO,True,14192,30.895456980084724
25_8-5 S,DTC,True,8208,60.033110970443595
25_8-5 S,DTS,True,2091,89.8183765885962
25_8-5 S,GR,True,20479,0.28241710084238036
25_8-5 S,MUDWEIGHT,True,14519,29.30320884257681
25_8-5 S,NPHI,True,13947,32.088425768125816
25_8-5 S,PEF,True,13974,31.956955738423332
25_8-5 S,RDEP,True,20490,0.2288552368895136
25_8-5 S,RHOB,True,13974,31.956955738423332
25_8-5 S,RMED,True,20362,0.8521205628864936
25_8-5 S,RMIC,True,7340,64.25962896236061
25_8-5 S,ROP,True,20531,0.029215562156104102
25_8-5 S,ROPA,False,0,100.0
25_8-5 S,RSHA,True,14707,28.387787895018747
25_8-5 S,RXO,True,14926,27.321419876320785
25_8-5 S,SGR,False,0,100.0
25_8-5 S,SP,True,7482,63.56819399133271
25_8-5 S,X_LOC,True,20490,0.2288552368895136
25_8-5 S,Y_LOC,True,20490,0.2288552368895136
25_8-5 S,Z_LOC,True,20490,0.2288552368895136
25_8-7,BS,True,9268,0.0
25_8-7,CALI,True,9022,2.6542943461372426
25_8-7,DCAL,True,8584,7.380233059991371
25_8-7,DEPT,True,9268,0.0
25_8-7,DEPTH_MD,True,8701,6.1178247734138935
25_8-7,DRHO,True,2518,72.8312473025464
25_8-7,DTC,True,8611,7.088908070781185
25_8-7,DTS,False,0,100.0
25_8-7,GR,True,9202,0.7121277514026803
25_8-7,MUDWEIGHT,True,8652,6.646525679758309
25_8-7,NPHI,True,2657,71.3314630988347
25_8-7,PEF,True,2518,72.8312473025464
25_8-7,RDEP,True,8701,6.1178247734138935
25_8-7,RHOB,True,2518,72.8312473025464
25_8-7,RMED,True,8701,6.1178247734138935
25_8-7,RMIC,True,7844,15.36469572723349
25_8-7,ROP,True,8749,5.599913681484681
25_8-7,ROPA,False,0,100.0
25_8-7,RSHA,True,8236,11.135088476478206
25_8-7,RXO,False,0,100.0
25_8-7,SGR,False,0,100.0
25_8-7,SP,True,5259,43.25636599050496
25_8-7,X_LOC,True,8701,6.1178247734138935
25_8-7,Y_LOC,True,8701,6.1178247734138935
25_8-7,Z_LOC,True,8701,6.1178247734138935
25_9-1,BS,True,15764,2.281180262831639
25_9-1,CALI,True,9808,39.20158690800892
25_9-1,DCAL,False,0,100.0
25_9-1,DEPT,True,16132,0.0
25_9-1,DEPTH_MD,True,15744,2.4051574510290052
25_9-1,DRHO,True,4052,74.8822216712125
25_9-1,DTC,True,4174,74.12596082320853
25_9-1,DTS,False,0,100.0
25_9-1,GR,True,15756,2.330771138110588
25_9-1,MUDWEIGHT,True,9704,39.84626828663526
25_9-1,NPHI,True,3656,77.33696999752046
25_9-1,PEF,True,3685,77.15720307463427
25_9-1,RDEP,True,15744,2.4051574510290052
25_9-1,RHOB,True,3685,77.15720307463427
25_9-1,RMED,True,11481,28.830895115298784
25_9-1,RMIC,True,9651,40.174807835358294
25_9-1,ROP,True,15674,2.839077609719809
25_9-1,ROPA,False,0,100.0
25_9-1,RSHA,True,9435,41.51376146788991
25_9-1,RXO,True,9774,39.41234812794446
25_9-1,SGR,False,0,100.0
25_9-1,SP,True,5775,64.20158690800892
25_9-1,X_LOC,True,15744,2.4051574510290052
25_9-1,Y_LOC,True,15744,2.4051574510290052
25_9-1,Z_LOC,True,15744,2.4051574510290052
26_4-1,BS,True,22727,0.06595725969571475
26_4-1,CALI,True,19644,13.622372702488782
26_4-1,DCAL,True,19600,13.815847330929554
26_4-1,DEPT,True,22742,0.0
26_4-1,DEPTH_MD,True,22709,0.14510597133057246
26_4-1,DRHO,True,13203,41.94442001582974
26_4-1,DTC,True,19476,14.361094011080821
26_4-1,DTS,False,0,100.0
26_4-1,GR,True,22684,0.25503473749011185
26_4-1,MUDWEIGHT,True,19329,15.007475156098849
26_4-1,NPHI,True,13348,41.306833172104476
26_4-1,PEF,True,13251,41.73335678480344
26_4-1,RDEP,True,22709,0.14510597133057246
26_4-1,RHOB,True,13206,41.9312285638906
26_4-1,RMED,True,19502,14.246768094274909
26_4-1,RMIC,False,0,100.0
26_4-1,ROP,True,19473,14.374285463019964
26_4-1,ROPA,False,0,100.0
26_4-1,RSHA,True,22465,1.2180107290475806
26_4-1,RXO,False,0,100.0
26_4-1,SGR,False,0,100.0
26_4-1,SP,True,19901,12.49230498636883
26_4-1,X_LOC,True,22709,0.14510597133057246
26_4-1,Y_LOC,True,22709,0.14510597133057246
26_4-1,Z_LOC,True,22709,0.14510597133057246
29_3-1,BS,False,0,100.0
29_3-1,CALI,True,19029,33.26436136634635
29_3-1,DCAL,False,0,100.0
29_3-1,DEPT,True,28514,0.0
29_3-1,DEPTH_MD,True,28050,1.627270814336812
29_3-1,DRHO,True,8851,68.95910780669145
29_3-1,DTC,True,27295,4.275092936802971
29_3-1,DTS,False,0,100.0
29_3-1,GR,True,28345,0.5926913095321562
29_3-1,MUDWEIGHT,False,0,100.0
29_3-1,NPHI,True,8855,68.94507961001612
29_3-1,PEF,True,6250,78.08094269481659
29_3-1,RDEP,True,28050,1.627270814336812
29_3-1,RHOB,True,8852,68.95560075752263
29_3-1,RMED,True,28017,1.743003436908186
29_3-1,RMIC,False,0,100.0
29_3-1,ROP,False,0,100.0
29_3-1,ROPA,False,0,100.0
29_3-1,RSHA,False,0,100.0
29_3-1,RXO,False,0,100.0
29_3-1,SGR,False,0,100.0
29_3-1,SP,True,13945,51.09419934067476
29_3-1,X_LOC,True,28050,1.627270814336812
29_3-1,Y_LOC,True,28050,1.627270814336812
29_3-1,Z_LOC,True,28050,1.627270814336812
29_6-1,BS,False,0,100.0
29_6-1,CALI,True,24585,20.3234379051076
29_6-1,DCAL,False,0,100.0
29_6-1,DEPT,True,30856,0.0
29_6-1,DEPTH_MD,True,30853,0.009722582317861495
29_6-1,DRHO,True,4579,85.16009852216749
29_6-1,DTC,True,29841,3.289473684210531
29_6-1,DTS,False,0,100.0
29_6-1,GR,True,30792,0.20741508944776
29_6-1,MUDWEIGHT,False,0,100.0
29_6-1,NPHI,True,4579,85.16009852216749
29_6-1,PEF,True,3558,88.46901737101373
29_6-1,RDEP,True,30853,0.009722582317861495
29_6-1,RHOB,True,4579,85.16009852216749
29_6-1,RMED,True,30819,0.11991184858698434
29_6-1,RMIC,False,0,100.0
29_6-1,ROP,False,0,100.0
29_6-1,ROPA,False,0,100.0
29_6-1,RSHA,True,14271,53.749675913922744
29_6-1,RXO,True,12951,58.02761213378274
29_6-1,SGR,True,5764,81.31967850661135
29_6-1,SP,True,30852,0.012963443090485693
29_6-1,X_LOC,True,30853,0.009722582317861495
29_6-1,Y_LOC,True,30853,0.009722582317861495
29_6-1,Z_LOC,True,30853,0.009722582317861495
30_3-3,BS,False,0,100.0
30_3-3,CALI,True,21149,0.6482829896180764
30_3-3,DCAL,False,0,100.0
30_3-3,DEPT,True,21287,0.0
30_3-3,DEPTH_MD,True,21285,0.009395405646639432
30_3-3,DRHO,True,20916,1.7428477474514925
30_3-3,DTC,True,20684,2.8327148024616
30_3-3,DTS,False,0,100.0
30_3-3,GR,True,21229,0.2724667637525213
30_3-3,MUDWEIGHT,False,0,100.0
30_3-3,NPHI,True,4029,81.07295532484615
30_3-3,PEF,True,11806,44.538920467891195
30_3-3,RDEP,True,21285,0.009395405646639432
30_3-3,RHOB,True,20909,1.7757316672147305
30_3-3,RMED,True,21274,0.06107013670315631
30_3-3,RMIC,False,0,100.0
30_3-3,ROP,False,0,100.0
30_3-3,ROPA,False,0,100.0
30_3-3,RSHA,True,21226,0.28655987222248047
30_3-3,RXO,True,21230,0.2677690609292016
30_3-3,SGR,False,0,100.0
30_3-3,SP,True,21286,0.004697702823319716
30_3-3,X_LOC,True,21285,0.009395405646639432
30_3-3,Y_LOC,True,21285,0.009395405646639432
30_3-3,Z_LOC,True,21285,0.009395405646639432
30_3-5 S,BS,False,0,100.0
30_3-5 S,CALI,True,4164,85.19361376809019
30_3-5 S,DCAL,False,0,100.0
30_3-5 S,DEPT,True,28123,0.0
30_3-5 S,DEPTH_MD,True,5369,80.90886463037371
30_3-5 S,DRHO,True,4407,84.32955232372079
30_3-5 S,DTC,True,3693,86.86839953063328
30_3-5 S,DTS,False,0,100.0
30_3-5 S,GR,True,28112,0.039113892543474194
30_3-5 S,MUDWEIGHT,False,0,100.0
30_3-5 S,NPHI,True,4407,84.32955232372079
30_3-5 S,PEF,True,4398,84.36155459943818
30_3-5 S,RDEP,True,5369,80.90886463037371
30_3-5 S,RHOB,True,4407,84.32955232372079
30_3-5 S,RMED,True,4407,84.32955232372079
30_3-5 S,RMIC,False,0,100.0
30_3-5 S,ROP,False,0,100.0
30_3-5 S,ROPA,False,0,100.0
30_3-5 S,RSHA,False,0,100.0
30_3-5 S,RXO,False,0,100.0
30_3-5 S,SGR,False,0,100.0
30_3-5 S,SP,False,0,100.0
30_3-5 S,X_LOC,True,5369,80.90886463037371
30_3-5 S,Y_LOC,True,5369,80.90886463037371
30_3-5 S,Z_LOC,True,5369,80.90886463037371
30_6-5,BS,False,0,100.0
30_6-5,CALI,True,22234,2.9506765604539464
30_6-5,DCAL,False,0,100.0
30_6-5,DEPT,True,22910,0.0
30_6-5,DEPTH_MD,True,22229,2.9725010912265426
30_6-5,DRHO,True,17467,23.75818419903972
30_6-5,DTC,True,21615,5.652553470100397
30_6-5,DTS,False,0,100.0
30_6-5,GR,True,22185,3.164556962025311
30_6-5,MUDWEIGHT,False,0,100.0
30_6-5,NPHI,True,17467,23.75818419903972
30_6-5,PEF,True,2572,88.77346137058053
30_6-5,RDEP,True,22229,2.9725010912265426
30_6-5,RHOB,True,17467,23.75818419903972
30_6-5,RMED,True,22228,2.976865997381062
30_6-5,RMIC,False,0,100.0
30_6-5,ROP,True,6631,71.05630728939327
30_6-5,ROPA,False,0,100.0
30_6-5,RSHA,True,22135,3.382802269751195
30_6-5,RXO,True,22135,3.382802269751195
30_6-5,SGR,False,0,100.0
30_6-5,SP,True,22228,2.976865997381062
30_6-5,X_LOC,True,22229,2.9725010912265426
30_6-5,Y_LOC,True,22229,2.9725010912265426
30_6-5,Z_LOC,True,22229,2.9725010912265426
31_2-1,BS,True,16007,0.17461802307452423
31_2-1,CALI,True,13408,16.382912379170566
31_2-1,DCAL,False,0,100.0
31_2-1,DEPT,True,16035,0.0
31_2-1,DEPTH_MD,True,13358,16.694730277517934
31_2-1,DRHO,True,11913,25.706267539756777
31_2-1,DTC,True,11177,30.296227003429998
31_2-1,DTS,False,0,100.0
31_2-1,GR,True,13219,17.561584034923605
31_2-1,MUDWEIGHT,False,0,100.0
31_2-1,NPHI,True,11814,26.32366697848456
31_2-1,PEF,False,0,100.0
31_2-1,RDEP,True,13341,16.800748362956032
31_2-1,RHOB,True,11172,30.32740879326473
31_2-1,RMED,True,13359,16.688493919550986
31_2-1,RMIC,False,0,100.0
31_2-1,ROP,False,0,100.0
31_2-1,ROPA,False,0,100.0
31_2-1,RSHA,True,13359,16.688493919550986
31_2-1,RXO,True,2661,83.40505144995322
31_2-1,SGR,False,0,100.0
31_2-1,SP,True,11901,25.781103835360152
31_2-1,X_LOC,True,13358,16.694730277517934
31_2-1,Y_LOC,True,13358,16.694730277517934
31_2-1,Z_LOC,True,13358,16.694730277517934
31_2-10,BS,False,0,100.0
31_2-10,CALI,True,9016,24.45114798055974
31_2-10,DCAL,False,0,100.0
31_2-10,DEPT,True,11934,0.0
31_2-10,DEPTH_MD,True,9838,17.56326462208815
31_2-10,DRHO,True,9169,23.16909669850846
31_2-10,DTC,True,11809,1.0474275180157533
31_2-10,DTS,False,0,100.0
31_2-10,GR,True,9780,18.049270990447464
31_2-10,MUDWEIGHT,False,0,100.0
31_2-10,NPHI,True,9169,23.16909669850846
31_2-10,PEF,True,9169,23.16909669850846
31_2-10,RDEP,True,9838,17.56326462208815
31_2-10,RHOB,True,9169,23.16909669850846
31_2-10,RMED,True,9826,17.66381766381766
31_2-10,RMIC,False,0,100.0
31_2-10,ROP,False,0,100.0
31_2-10,ROPA,False,0,100.0
31_2-10,RSHA,True,2171,81.8082788671024
31_2-10,RXO,True,2209,81.4898609016256
31_2-10,SGR,False,0,100.0
31_2-10,SP,True,9835,17.588402882520526
31_2-10,X_LOC,True,9838,17.56326462208815
31_2-10,Y_LOC,True,9838,17.56326462208815
31_2-10,Z_LOC,True,9838,17.56326462208815
31_2-19 S,BS,True,24403,1.3222806308127777
31_2-19 S,CALI,True,18072,26.922765871411237
31_2-19 S,DCAL,True,18072,26.922765871411237
31_2-19 S,DEPT,True,24730,0.0
31_2-19 S,DEPTH_MD,True,24730,0.0
31_2-19 S,DRHO,True,18065,26.951071572988273
31_2-19 S,DTC,True,18335,25.859280226445613
31_2-19 S,DTS,True,11646,52.90739991912656
31_2-19 S,GR,True,24153,2.3331985442782033
31_2-19 S,MUDWEIGHT,False,0,100.0
31_2-19 S,NPHI,True,18007,27.185604528912254
31_2-19 S,PEF,True,18198,26.413263243024666
31_2-19 S,RDEP,True,24565,0.6672058228871847
31_2-19 S,RHOB,True,18069,26.934896886372826
31_2-19 S,RMED,True,24550,0.7278608976951095
31_2-19 S,RMIC,True,18081,26.886372826526483
31_2-19 S,ROP,False,0,100.0
31_2-19 S,ROPA,False,0,100.0
31_2-19 S,RSHA,True,18079,26.89446016983421
31_2-19 S,RXO,True,18083,26.878285483218768
31_2-19 S,SGR,False,0,100.0
31_2-19 S,SP,True,17670,28.54832187626365
31_2-19 S,X_LOC,True,24730,0.0
31_2-19 S,Y_LOC,True,24730,0.0
31_2-19 S,Z_LOC,True,24730,0.0
31_2-21 S,BS,True,18674,0.30430836581069043
31_2-21 S,CALI,True,7842,58.13357535636111
31_2-21 S,DCAL,False,0,100.0
31_2-21 S,DEPT,True,18731,0.0
31_2-21 S,DEPTH_MD,True,18567,0.8755538946132124
31_2-21 S,DRHO,True,7846,58.11222038332177
31_2-21 S,DTC,True,18199,2.8402114142330848
31_2-21 S,DTS,True,15252,18.573487800971655
31_2-21 S,GR,True,18666,0.3470183118893799
31_2-21 S,MUDWEIGHT,False,0,100.0
31_2-21 S,NPHI,True,7835,58.17094655917997
31_2-21 S,PEF,True,7800,58.357802573274256
31_2-21 S,RDEP,True,18567,0.8755538946132124
31_2-21 S,RHOB,True,7800,58.357802573274256
31_2-21 S,RMED,True,18524,1.1051198547861851
31_2-21 S,RMIC,False,0,100.0
31_2-21 S,ROP,True,18664,0.3576957984090523
31_2-21 S,ROPA,True,18680,0.2722759062516733
31_2-21 S,RSHA,False,0,100.0
31_2-21 S,RXO,False,0,100.0
31_2-21 S,SGR,False,0,100.0
31_2-21 S,SP,False,0,100.0
31_2-21 S,X_LOC,True,18567,0.8755538946132124
31_2-21 S,Y_LOC,True,18567,0.8755538946132124
31_2-21 S,Z_LOC,True,18567,0.8755538946132124
31_2-7,BS,False,0,100.0
31_2-7,CALI,True,8062,6.76535214525269
31_2-7,DCAL,False,0,100.0
31_2-7,DEPT,True,8647,0.0
31_2-7,DEPTH_MD,True,8629,0.20816468139238653
31_2-7,DRHO,True,8068,6.695963918121894
31_2-7,DTC,True,7559,12.582398519717819
31_2-7,DTS,False,0,100.0
31_2-7,GR,True,8571,0.8789175436567542
31_2-7,MUDWEIGHT,False,0,100.0
31_2-7,NPHI,True,8068,6.695963918121894
31_2-7,PEF,True,1158,86.6080721637562
31_2-7,RDEP,True,8629,0.20816468139238653
31_2-7,RHOB,True,8063,6.7537874407308855
31_2-7,RMED,True,8629,0.20816468139238653
31_2-7,RMIC,False,0,100.0
31_2-7,ROP,False,0,100.0
31_2-7,ROPA,False,0,100.0
31_2-7,RSHA,True,1109,87.17474268532439
31_2-7,RXO,True,1221,85.87949577888286
31_2-7,SGR,True,1175,86.41147218688563
31_2-7,SP,True,8630,0.19659997687059283
31_2-7,X_LOC,True,8629,0.20816468139238653
31_2-7,Y_LOC,True,8629,0.20816468139238653
31_2-7,Z_LOC,True,8629,0.20816468139238653
31_2-8,BS,False,0,100.0
31_2-8,CALI,True,19320,3.026652612558345
31_2-8,DCAL,False,0,100.0
31_2-8,DEPT,True,19923,0.0
31_2-8,DEPTH_MD,True,19922,0.0050193243989360425
31_2-8,DRHO,True,19332,2.9664207197711234
31_2-8,DTC,True,19055,4.356773578276362
31_2-8,DTS,False,0,100.0
31_2-8,GR,True,19862,0.3061787883350875
31_2-8,MUDWEIGHT,False,0,100.0
31_2-8,NPHI,True,19321,3.021633288159409
31_2-8,PEF,True,10884,45.36967324198164
31_2-8,RDEP,True,19922,0.0050193243989360425
31_2-8,RHOB,True,19332,2.9664207197711234
31_2-8,RMED,True,19922,0.0050193243989360425
31_2-8,RMIC,False,0,100.0
31_2-8,ROP,False,0,100.0
31_2-8,ROPA,False,0,100.0
31_2-8,RSHA,True,6746,66.13963760477839
31_2-8,RXO,True,6748,66.12959895598051
31_2-8,SGR,True,10908,45.24920945640717
31_2-8,SP,True,19922,0.0050193243989360425
31_2-8,X_LOC,True,19922,0.0050193243989360425
31_2-8,Y_LOC,True,19922,0.0050193243989360425
31_2-8,Z_LOC,True,19922,0.0050193243989360425
31_2-9,BS,False,0,100.0
31_2-9,CALI,True,8782,6.594341629440548
31_2-9,DCAL,False,0,100.0
31_2-9,DEPT,True,9402,0.0
31_2-9,DEPTH_MD,True,9377,0.26590087215485614
31_2-9,DRHO,True,8782,6.594341629440548
31_2-9,DTC,True,9304,1.0423314188470534
31_2-9,DTS,False,0,100.0
31_2-9,GR,True,9319,0.8827908955541419
31_2-9,MUDWEIGHT,False,0,100.0
31_2-9,NPHI,True,8779,6.626249734099132
31_2-9,PEF,True,8760,6.828334396936819
31_2-9,RDEP,True,9377,0.26590087215485614
31_2-9,RHOB,True,8766,6.76451818761965
31_2-9,RMED,True,9377,0.26590087215485614
31_2-9,RMIC,False,0,100.0
31_2-9,ROP,False,0,100.0
31_2-9,ROPA,False,0,100.0
31_2-9,RSHA,True,1825,80.58923633269517
31_2-9,RXO,True,1828,80.55732822803658
31_2-9,SGR,True,1916,79.62135715805148
31_2-9,SP,True,9377,0.26590087215485614
31_2-9,X_LOC,True,9377,0.26590087215485614
31_2-9,Y_LOC,True,9377,0.26590087215485614
31_2-9,Z_LOC,True,9377,0.26590087215485614
31_3-1,BS,True,7203,46.08936456852032
31_3-1,CALI,True,7108,46.80038919242572
31_3-1,DCAL,False,0,100.0
31_3-1,DEPT,True,13361,0.0
31_3-1,DEPTH_MD,True,12890,3.5251852406257056
31_3-1,DRHO,True,10248,23.29915425492104
31_3-1,DTC,True,12829,3.9817378938702186
31_3-1,DTS,False,0,100.0
31_3-1,GR,True,13254,0.8008382606092379
31_3-1,MUDWEIGHT,False,0,100.0
31_3-1,NPHI,True,7235,45.849861537310076
31_3-1,PEF,False,0,100.0
31_3-1,RDEP,True,12890,3.5251852406257056
31_3-1,RHOB,True,10015,25.04303570092059
31_3-1,RMED,True,12942,3.135992814909061
31_3-1,RMIC,True,3618,72.92118853379237
31_3-1,ROP,False,0,100.0
31_3-1,ROPA,False,0,100.0
31_3-1,RSHA,True,3688,72.39727565301999
31_3-1,RXO,False,0,100.0
31_3-1,SGR,False,0,100.0
31_3-1,SP,True,13354,0.05239128807723592
31_3-1,X_LOC,True,12890,3.5251852406257056
31_3-1,Y_LOC,True,12890,3.5251852406257056
31_3-1,Z_LOC,True,12890,3.5251852406257056
31_3-2,BS,True,3882,66.02485559250832
31_3-2,CALI,True,3873,66.10362331524593
31_3-2,DCAL,False,0,100.0
31_3-2,DEPT,True,11426,0.0
31_3-2,DEPTH_MD,True,11413,0.11377559950989102
31_3-2,DRHO,True,10861,4.9448625940836655
31_3-2,DTC,True,10660,6.704008401890427
31_3-2,DTS,False,0,100.0
31_3-2,GR,True,11352,0.64764572028706
31_3-2,MUDWEIGHT,False,0,100.0
31_3-2,NPHI,True,10821,5.294941361806405
31_3-2,PEF,True,1239,89.1563101697882
31_3-2,RDEP,True,11413,0.11377559950989102
31_3-2,RHOB,True,10864,4.918606686504468
31_3-2,RMED,True,11290,1.190267810257306
31_3-2,RMIC,True,822,92.80588132329774
31_3-2,ROP,False,0,100.0
31_3-2,ROPA,False,0,100.0
31_3-2,RSHA,True,1138,90.04025905828811
31_3-2,RXO,True,1174,89.72518816733765
31_3-2,SGR,False,0,100.0
31_3-2,SP,True,11341,0.7439173814108191
31_3-2,X_LOC,True,11413,0.11377559950989102
31_3-2,Y_LOC,True,11413,0.11377559950989102
31_3-2,Z_LOC,True,11413,0.11377559950989102
31_3-3,BS,True,3736,74.5295882192528
31_3-3,CALI,True,3736,74.5295882192528
31_3-3,DCAL,False,0,100.0
31_3-3,DEPT,True,14668,0.0
31_3-3,DEPTH_MD,True,13791,5.97900190891737
31_3-3,DRHO,True,11678,20.38451049904554
31_3-3,DTC,True,13693,6.6471229888191985
31_3-3,DTS,False,0,100.0
31_3-3,GR,True,14573,0.6476683937823857
31_3-3,MUDWEIGHT,False,0,100.0
31_3-3,NPHI,True,11708,20.179983637851105
31_3-3,PEF,False,0,100.0
31_3-3,RDEP,True,13791,5.97900190891737
31_3-3,RHOB,True,11670,20.43905099536406
31_3-3,RMED,True,14668,0.0
31_3-3,RMIC,False,0,100.0
31_3-3,ROP,False,0,100.0
31_3-3,ROPA,False,0,100.0
31_3-3,RSHA,True,14666,0.013635124079625083
31_3-3,RXO,False,0,100.0
31_3-3,SGR,False,0,100.0
31_3-3,SP,True,14666,0.013635124079625083
31_3-3,X_LOC,True,13791,5.97900190891737
31_3-3,Y_LOC,True,13791,5.97900190891737
31_3-3,Z_LOC,True,13791,5.97900190891737
31_3-4,BS,True,11412,0.008761938140722236
31_3-4,CALI,True,5443,52.30877070007885
31_3-4,DCAL,False,0,100.0
31_3-4,DEPT,True,11413,0.0
31_3-4,DEPTH_MD,True,9013,21.028651537720144
31_3-4,DRHO,True,5445,52.29124682379742
31_3-4,DTC,True,8853,22.430561640234824
31_3-4,DTS,True,5061,55.65583106983265
31_3-4,GR,True,11401,0.10514325768860022
31_3-4,MUDWEIGHT,False,0,100.0
31_3-4,NPHI,True,5428,52.44019977218961
31_3-4,PEF,True,5417,52.53658109173749
31_3-4,RDEP,True,9013,21.028651537720144
31_3-4,RHOB,True,5417,52.53658109173749
31_3-4,RMED,True,8970,21.405414877770966
31_3-4,RMIC,True,4974,56.418119688074995
31_3-4,ROP,True,11413,0.0
31_3-4,ROPA,True,11386,0.23657232979935605
31_3-4,RSHA,True,8967,21.43170069219311
31_3-4,RXO,False,0,100.0
31_3-4,SGR,False,0,100.0
31_3-4,SP,False,0,100.0
31_3-4,X_LOC,True,9013,21.028651537720144
31_3-4,Y_LOC,True,9013,21.028651537720144
31_3-4,Z_LOC,True,9013,21.028651537720144
31_4-10,BS,False,0,100.0
31_4-10,CALI,True,8763,36.403222294796436
31_4-10,DCAL,False,0,100.0
31_4-10,DEPT,True,13779,0.0
31_4-10,DEPTH_MD,True,13771,0.058059365701434995
31_4-10,DRHO,True,2227,83.8377240728645
31_4-10,DTC,True,8802,36.12018288700196
31_4-10,DTS,False,0,100.0
31_4-10,GR,True,13551,1.6546919224907475
31_4-10,MUDWEIGHT,False,0,100.0
31_4-10,NPHI,True,2240,83.74337760359968
31_4-10,PEF,False,0,100.0
31_4-10,RDEP,True,13771,0.058059365701434995
31_4-10,RHOB,True,8803,36.11292546628928
31_4-10,RMED,True,13761,0.1306335728282204
31_4-10,RMIC,False,0,100.0
31_4-10,ROP,False,0,100.0
31_4-10,ROPA,True,8778,36.29436098410624
31_4-10,RSHA,True,8923,35.24203498076783
31_4-10,RXO,True,8654,37.19428115247842
31_4-10,SGR,False,0,100.0
31_4-10,SP,True,8422,38.87800275781987
31_4-10,X_LOC,True,13771,0.058059365701434995
31_4-10,Y_LOC,True,13771,0.058059365701434995
31_4-10,Z_LOC,True,13771,0.058059365701434995
31_4-5,BS,False,0,100.0
31_4-5,CALI,True,13412,26.918047079337406
31_4-5,DCAL,False,0,100.0
31_4-5,DEPT,True,18352,0.0
31_4-5,DEPTH_MD,True,17627,3.9505231037489152
31_4-5,DRHO,True,13296,27.55013077593723
31_4-5,DTC,True,17504,4.620749782040101
31_4-5,DTS,False,0,100.0
31_4-5,GR,True,18296,0.30514385353095363
31_4-5,MUDWEIGHT,False,0,100.0
31_4-5,NPHI,True,6474,64.72319093286836
31_4-5,PEF,True,4210,77.05972101133392
31_4-5,RDEP,True,17627,3.9505231037489152
31_4-5,RHOB,True,13288,27.593722755013072
31_4-5,RMED,True,17575,4.233870967741938
31_4-5,RMIC,True,2187,88.08304272013949
31_4-5,ROP,False,0,100.0
31_4-5,ROPA,False,0,100.0
31_4-5,RSHA,True,2185,88.09394071490846
31_4-5,RXO,True,2187,88.08304272013949
31_4-5,SGR,True,4256,76.80906713164778
31_4-5,SP,True,17626,3.955972101133387
31_4-5,X_LOC,True,17627,3.9505231037489152
31_4-5,Y_LOC,True,17627,3.9505231037489152
31_4-5,Z_LOC,True,17627,3.9505231037489152
31_5-4 S,BS,False,0,100.0
31_5-4 S,CALI,True,2343,79.56745443446411
31_5-4 S,DCAL,False,0,100.0
31_5-4 S,DEPT,True,11467,0.0
31_5-4 S,DEPTH_MD,True,9675,15.62745269032877
31_5-4 S,DRHO,True,2417,78.92212435685009
31_5-4 S,DTC,True,1772,84.54696084416152
31_5-4 S,DTS,False,0,100.0
31_5-4 S,GR,True,11317,1.308101508677073
31_5-4 S,MUDWEIGHT,False,0,100.0
31_5-4 S,NPHI,True,2432,78.79131420598239
31_5-4 S,PEF,False,0,100.0
31_5-4 S,RDEP,True,9675,15.62745269032877
31_5-4 S,RHOB,True,2417,78.92212435685009
31_5-4 S,RMED,True,2457,78.57329728786954
31_5-4 S,RMIC,False,0,100.0
31_5-4 S,ROP,False,0,100.0
31_5-4 S,ROPA,False,0,100.0
31_5-4 S,RSHA,True,2440,78.72154879218627
31_5-4 S,RXO,True,2457,78.57329728786954
31_5-4 S,SGR,False,0,100.0
31_5-4 S,SP,True,2457,78.57329728786954
31_5-4 S,X_LOC,True,9675,15.62745269032877
31_5-4 S,Y_LOC,True,9675,15.62745269032877
31_5-4 S,Z_LOC,True,9675,15.62745269032877
31_6-5,BS,True,4369,62.32646374062257
31_6-5,CALI,True,4286,63.042166077433826
31_6-5,DCAL,False,0,100.0
31_6-5,DEPT,True,11597,0.0
31_6-5,DEPTH_MD,True,11266,2.8541864275243634
31_6-5,DRHO,True,9505,18.039148055531605
31_6-5,DTC,True,11151,3.8458221953953653
31_6-5,DTS,False,0,100.0
31_6-5,GR,True,11505,0.793308614296806
31_6-5,MUDWEIGHT,False,0,100.0
31_6-5,NPHI,True,4508,61.12787789945675
31_6-5,PEF,False,0,100.0
31_6-5,RDEP,True,11266,2.8541864275243634
31_6-5,RHOB,True,9471,18.332327326032594
31_6-5,RMED,True,11236,3.112874019142886
31_6-5,RMIC,False,0,100.0
31_6-5,ROP,False,0,100.0
31_6-5,ROPA,False,0,100.0
31_6-5,RSHA,True,1326,88.56600845046133
31_6-5,RXO,False,0,100.0
31_6-5,SGR,False,0,100.0
31_6-5,SP,True,11263,2.8800551866862145
31_6-5,X_LOC,True,11266,2.8541864275243634
31_6-5,Y_LOC,True,11266,2.8541864275243634
31_6-5,Z_LOC,True,11266,2.8541864275243634
31_6-8,BS,True,3868,60.23439909530174
31_6-8,CALI,True,3867,60.244679757376375
31_6-8,DCAL,False,0,100.0
31_6-8,DEPT,True,9727,0.0
31_6-8,DEPTH_MD,True,9685,0.4317878071347758
31_6-8,DRHO,True,9600,1.305644083478974
31_6-8,DTC,True,9488,2.4570782358383836
31_6-8,DTS,False,0,100.0
31_6-8,GR,True,9680,0.48319111750796395
31_6-8,MUDWEIGHT,False,0,100.0
31_6-8,NPHI,True,9726,0.010280662074635405
31_6-8,PEF,False,0,100.0
31_6-8,RDEP,True,9685,0.4317878071347758
31_6-8,RHOB,True,9726,0.010280662074635405
31_6-8,RMED,True,9661,0.678523696926081
31_6-8,RMIC,False,0,100.0
31_6-8,ROP,False,0,100.0
31_6-8,ROPA,False,0,100.0
31_6-8,RSHA,True,1492,84.66125218464069
31_6-8,RXO,True,1542,84.14721908090881
31_6-8,SGR,False,0,100.0
31_6-8,SP,True,9683,0.45234913128405774
31_6-8,X_LOC,True,9685,0.4317878071347758
31_6-8,Y_LOC,True,9685,0.4317878071347758
31_6-8,Z_LOC,True,9685,0.4317878071347758
32_2-1,BS,True,5789,4.456180887935302
32_2-1,CALI,True,3029,50.008252186829516
32_2-1,DCAL,False,0,100.0
32_2-1,DEPT,True,6059,0.0
32_2-1,DEPTH_MD,True,5678,6.288166364086479
32_2-1,DRHO,True,3022,50.12378280244265
32_2-1,DTC,True,4530,25.23518732464103
32_2-1,DTS,True,241,96.02244594817627
32_2-1,GR,True,5761,4.918303350387854
32_2-1,MUDWEIGHT,False,0,100.0
32_2-1,NPHI,True,2993,50.60240963855422
32_2-1,PEF,True,2955,51.22957583759696
32_2-1,RDEP,True,5678,6.288166364086479
32_2-1,RHOB,True,2955,51.22957583759696
32_2-1,RMED,True,5604,7.509490014853936
32_2-1,RMIC,False,0,100.0
32_2-1,ROP,True,5784,4.538702756230406
32_2-1,ROPA,True,6058,0.01650437365902091
32_2-1,RSHA,True,5604,7.509490014853936
32_2-1,RXO,False,0,100.0
32_2-1,SGR,False,0,100.0
32_2-1,SP,False,0,100.0
32_2-1,X_LOC,True,5678,6.288166364086479
32_2-1,Y_LOC,True,5678,6.288166364086479
32_2-1,Z_LOC,True,5678,6.288166364086479
33_5-2,BS,True,6709,75.78153201934879
33_5-2,CALI,True,23803,14.074796043606963
33_5-2,DCAL,False,0,100.0
33_5-2,DEPT,True,27702,0.0
33_5-2,DEPTH_MD,True,27641,0.2202007075301382
33_5-2,DRHO,True,15247,44.96065266045773
33_5-2,DTC,True,27108,2.1442495126705707
33_5-2,DTS,False,0,100.0
33_5-2,GR,True,27641,0.2202007075301382
33_5-2,MUDWEIGHT,False,0,100.0
33_5-2,NPHI,True,4152,85.01191249729261
33_5-2,PEF,False,0,100.0
33_5-2,RDEP,True,27468,0.8447043534762888
33_5-2,RHOB,True,22134,20.09963179553823
33_5-2,RMED,True,27596,0.3826438524294318
33_5-2,RMIC,False,0,100.0
33_5-2,ROP,False,0,100.0
33_5-2,ROPA,False,0,100.0
33_5-2,RSHA,True,2556,90.7732293697206
33_5-2,RXO,False,0,100.0
33_5-2,SGR,False,0,100.0
33_5-2,SP,True,27673,0.10468558226842672
33_5-2,X_LOC,True,27641,0.2202007075301382
33_5-2,Y_LOC,True,27641,0.2202007075301382
33_5-2,Z_LOC,True,27641,0.2202007075301382
33_6-3 S,BS,True,26859,0.033497096918266855
33_6-3 S,CALI,True,12752,52.53833556647313
33_6-3 S,DCAL,False,0,100.0
33_6-3 S,DEPT,True,26868,0.0
33_6-3 S,DEPTH_MD,True,26381,1.812565133244004
33_6-3 S,DRHO,True,4236,84.23403305046897
33_6-3 S,DTC,True,20011,25.521065952061928
33_6-3 S,DTS,True,16736,37.71028733065357
33_6-3 S,GR,True,26383,1.8051213339288386
33_6-3 S,MUDWEIGHT,False,0,100.0
33_6-3 S,NPHI,True,12366,53.97498883430103
33_6-3 S,PEF,True,4154,84.53922882239095
33_6-3 S,RDEP,True,26381,1.812565133244004
33_6-3 S,RHOB,True,4155,84.53550692273336
33_6-3 S,RMED,True,26312,2.0693762096173907
33_6-3 S,RMIC,False,0,100.0
33_6-3 S,ROP,True,26855,0.048384695548608914
33_6-3 S,ROPA,True,26828,0.14887598630340948
33_6-3 S,RSHA,False,0,100.0
33_6-3 S,RXO,False,0,100.0
33_6-3 S,SGR,False,0,100.0
33_6-3 S,SP,False,0,100.0
33_6-3 S,X_LOC,True,26381,1.812565133244004
33_6-3 S,Y_LOC,True,26381,1.812565133244004
33_6-3 S,Z_LOC,True,26381,1.812565133244004
33_9-1,BS,True,5433,69.14120186300126
33_9-1,CALI,True,5431,69.15256162671817
33_9-1,DCAL,False,0,100.0
33_9-1,DEPT,True,17606,0.0
33_9-1,DEPTH_MD,True,17537,0.3919118482335615
33_9-1,DRHO,True,10414,40.849710326025225
33_9-1,DTC,True,17456,0.8519822787686038
33_9-1,DTS,False,0,100.0
33_9-1,GR,True,17459,0.8349426331932253
33_9-1,MUDWEIGHT,False,0,100.0
33_9-1,NPHI,True,10385,41.01442689992049
33_9-1,PEF,False,0,100.0
33_9-1,RDEP,True,17537,0.3919118482335615
33_9-1,RHOB,True,10415,40.844030444166755
33_9-1,RMED,True,17527,0.44871066681813065
33_9-1,RMIC,False,0,100.0
33_9-1,ROP,False,0,100.0
33_9-1,ROPA,False,0,100.0
33_9-1,RSHA,True,2034,88.44712029989776
33_9-1,RXO,False,0,100.0
33_9-1,SGR,False,0,100.0
33_9-1,SP,True,17555,0.28967397478132373
33_9-1,X_LOC,True,17537,0.3919118482335615
33_9-1,Y_LOC,True,17537,0.3919118482335615
33_9-1,Z_LOC,True,17537,0.3919118482335615
33_9-17,BS,True,17536,11.304435789793132
33_9-17,CALI,True,17517,11.40053613878913
33_9-17,DCAL,False,0,100.0
33_9-17,DEPT,True,19771,0.0
33_9-17,DEPTH_MD,True,19592,0.9053664458044564
33_9-17,DRHO,True,17911,9.40771837539831
33_9-17,DTC,True,17408,11.951848667239895
33_9-17,DTS,False,0,100.0
33_9-17,GR,True,19390,1.9270648930251433
33_9-17,MUDWEIGHT,False,0,100.0
33_9-17,NPHI,True,17535,11.309493702898187
33_9-17,PEF,True,17533,11.319609529108288
33_9-17,RDEP,True,19592,0.9053664458044564
33_9-17,RHOB,True,17535,11.309493702898187
33_9-17,RMED,True,17675,10.601385868190782
33_9-17,RMIC,False,0,100.0
33_9-17,ROP,False,0,100.0
33_9-17,ROPA,True,19596,0.8851347933842457
33_9-17,RSHA,True,19555,1.0925092306914186
33_9-17,RXO,True,9472,52.09144706893936
33_9-17,SGR,False,0,100.0
33_9-17,SP,True,17677,10.591270041980682
33_9-17,X_LOC,True,19592,0.9053664458044564
33_9-17,Y_LOC,True,19592,0.9053664458044564
33_9-17,Z_LOC,True,19592,0.9053664458044564
34_10-16 R,BS,False,0,100.0
34_10-16 R,CALI,True,25092,1.9039055475194466
34_10-16 R,DCAL,False,0,100.0
34_10-16 R,DEPT,True,25579,0.0
34_10-16 R,DEPTH_MD,True,25187,1.532507134758987
34_10-16 R,DRHO,True,22762,11.012940302591968
34_10-16 R,DTC,True,25030,2.14629188005786
34_10-16 R,DTS,False,0,100.0
34_10-16 R,GR,True,25520,0.23065796160913754
34_10-16 R,MUDWEIGHT,False,0,100.0
34_10-16 R,NPHI,True,16718,34.64169826811055
34_10-16 R,PEF,True,24942,2.4903240939833426
34_10-16 R,RDEP,True,25187,1.532507134758987
34_10-16 R,RHOB,True,25186,1.5364165917354122
34_10-16 R,RMED,True,25149,1.6810664998631708
34_10-16 R,RMIC,False,0,100.0
34_10-16 R,ROP,False,0,100.0
34_10-16 R,ROPA,False,0,100.0
34_10-16 R,RSHA,True,25043,2.09546893936432
34_10-16 R,RXO,True,25043,2.09546893936432
34_10-16 R,SGR,False,0,100.0
34_10-16 R,SP,True,25161,1.634153016146056
34_10-16 R,X_LOC,True,25187,1.532507134758987
34_10-16 R,Y_LOC,True,25187,1.532507134758987
34_10-16 R,Z_LOC,True,25187,1.532507134758987
34_10-19,BS,False,0,100.0
34_10-19,CALI,True,13237,0.007554011179933262
34_10-19,DCAL,False,0,100.0
34_10-19,DEPT,True,13238,0.0
34_10-19,DEPTH_MD,True,13227,0.08309412297929919
34_10-19,DRHO,True,12162,8.128116029611721
34_10-19,DTC,True,10184,23.069950143526206
34_10-19,DTS,False,0,100.0
34_10-19,GR,True,13170,0.5136727602356839
34_10-19,MUDWEIGHT,False,0,100.0
34_10-19,NPHI,True,12070,8.82308505816589
34_10-19,PEF,False,0,100.0
34_10-19,RDEP,True,13227,0.08309412297929919
34_10-19,RHOB,True,12164,8.113008007251853
34_10-19,RMED,True,13148,0.6798610061942933
34_10-19,RMIC,False,0,100.0
34_10-19,ROP,False,0,100.0
34_10-19,ROPA,False,0,100.0
34_10-19,RSHA,True,12835,3.044266505514426
34_10-19,RXO,True,12832,3.0669285390542367
34_10-19,SGR,False,0,100.0
34_10-19,SP,True,13224,0.10575615651911008
34_10-19,X_LOC,True,13227,0.08309412297929919
34_10-19,Y_LOC,True,13227,0.08309412297929919
34_10-19,Z_LOC,True,13227,0.08309412297929919
34_10-21,BS,False,0,100.0
34_10-21,CALI,True,22462,9.885260370697269
34_10-21,DCAL,False,0,100.0
34_10-21,DEPT,True,24926,0.0
34_10-21,DEPTH_MD,True,24925,0.004011875150444766
34_10-21,DRHO,True,22506,9.708737864077666
34_10-21,DTC,True,22413,10.081842253069084
34_10-21,DTS,False,0,100.0
34_10-21,GR,True,24866,0.24071250902671926
34_10-21,MUDWEIGHT,False,0,100.0
34_10-21,NPHI,True,14049,43.637166011393724
34_10-21,PEF,True,22511,9.688678488325442
34_10-21,RDEP,True,24925,0.004011875150444766
34_10-21,RHOB,True,22493,9.760892241033458
34_10-21,RMED,True,22520,9.652571611971439
34_10-21,RMIC,False,0,100.0
34_10-21,ROP,False,0,100.0
34_10-21,ROPA,False,0,100.0
34_10-21,RSHA,True,22525,9.632512236219204
34_10-21,RXO,True,22492,9.764904116183903
34_10-21,SGR,False,0,100.0
34_10-21,SP,True,22555,9.512155981705849
34_10-21,X_LOC,True,24925,0.004011875150444766
34_10-21,Y_LOC,True,24925,0.004011875150444766
34_10-21,Z_LOC,True,24925,0.004011875150444766
34_10-33,BS,True,24032,1.8701510820743117
34_10-33,CALI,True,23791,2.854226214781541
34_10-33,DCAL,False,0,100.0
34_10-33,DEPT,True,24490,0.0
34_10-33,DEPTH_MD,True,24489,0.004083299305834842
34_10-33,DRHO,True,23930,2.2866476112699097
34_10-33,DTC,True,23226,5.161290322580648
34_10-33,DTS,False,0,100.0
34_10-33,GR,True,24488,0.008166598611680786
34_10-33,MUDWEIGHT,False,0,100.0
34_10-33,NPHI,True,4897,80.00408329930583
34_10-33,PEF,False,0,100.0
34_10-33,RDEP,True,23954,2.1886484279297624
34_10-33,RHOB,True,23923,2.3152307064107758
34_10-33,RMED,False,0,100.0
34_10-33,RMIC,False,0,100.0
34_10-33,ROP,False,0,100.0
34_10-33,ROPA,False,0,100.0
34_10-33,RSHA,True,23606,3.609636586361775
34_10-33,RXO,False,0,100.0
34_10-33,SGR,False,0,100.0
34_10-33,SP,True,20379,16.78644344630461
34_10-33,X_LOC,True,24489,0.004083299305834842
34_10-33,Y_LOC,True,24489,0.004083299305834842
34_10-33,Z_LOC,True,24489,0.004083299305834842
34_10-35,BS,False,0,100.0
34_10-35,CALI,True,21458,20.230483271375466
34_10-35,DCAL,False,0,100.0
34_10-35,DEPT,True,26900,0.0
34_10-35,DEPTH_MD,True,26878,0.08178438661710086
34_10-35,DRHO,True,20543,23.631970260223046
34_10-35,DTC,True,21144,21.397769516728626
34_10-35,DTS,True,2177,91.90706319702602
34_10-35,GR,True,26876,0.0892193308550171
34_10-35,MUDWEIGHT,False,0,100.0
34_10-35,NPHI,True,3664,86.37918215613382
34_10-35,PEF,True,20537,23.654275092936807
34_10-35,RDEP,True,26878,0.08178438661710086
34_10-35,RHOB,True,20522,23.710037174721187
34_10-35,RMED,True,20809,22.643122676579928
34_10-35,RMIC,False,0,100.0
34_10-35,ROP,False,0,100.0
34_10-35,ROPA,False,0,100.0
34_10-35,RSHA,True,1126,95.81412639405204
34_10-35,RXO,False,0,100.0
34_10-35,SGR,False,0,100.0
34_10-35,SP,True,20789,22.717472118959105
34_10-35,X_LOC,True,26878,0.08178438661710086
34_10-35,Y_LOC,True,26878,0.08178438661710086
34_10-35,Z_LOC,True,26878,0.08178438661710086
34_11-1,BS,True,28372,4.439205119568879
34_11-1,CALI,True,4267,85.62815762883126
34_11-1,DCAL,False,0,100.0
34_11-1,DEPT,True,29690,0.0
34_11-1,DEPTH_MD,True,28308,4.65476591444931
34_11-1,DRHO,False,0,100.0
34_11-1,DTC,True,6259,78.91882788817783
34_11-1,DTS,True,6273,78.87167396429774
34_11-1,GR,True,28364,4.466150218928933
34_11-1,MUDWEIGHT,False,0,100.0
34_11-1,NPHI,True,4232,85.74604243853149
34_11-1,PEF,False,0,100.0
34_11-1,RDEP,True,28308,4.65476591444931
34_11-1,RHOB,True,4263,85.64163017851129
34_11-1,RMED,True,28308,4.65476591444931
34_11-1,RMIC,True,3510,88.17783765577636
34_11-1,ROP,False,0,100.0
34_11-1,ROPA,True,8751,70.52542943752104
34_11-1,RSHA,True,28201,5.0151566183900265
34_11-1,RXO,False,0,100.0
34_11-1,SGR,False,0,100.0
34_11-1,SP,False,0,100.0
34_11-1,X_LOC,True,28308,4.65476591444931
34_11-1,Y_LOC,True,28308,4.65476591444931
34_11-1,Z_LOC,True,28308,4.65476591444931
34_11-2 S,BS,False,0,100.0
34_11-2 S,CALI,True,23919,18.703691115491804
34_11-2 S,DCAL,False,0,100.0
34_11-2 S,DEPT,True,29422,0.0
34_11-2 S,DEPTH_MD,True,23606,19.767520902725856
34_11-2 S,DRHO,True,23895,18.785262728570462
34_11-2 S,DTC,True,23712,19.407246278295155
34_11-2 S,DTS,False,0,100.0
34_11-2 S,GR,True,28945,1.6212358099381374
34_11-2 S,MUDWEIGHT,False,0,100.0
34_11-2 S,NPHI,True,11900,59.554075181836716
34_11-2 S,PEF,True,23890,18.802256814628503
34_11-2 S,RDEP,True,23606,19.767520902725856
34_11-2 S,RHOB,True,24053,18.248249609136025
34_11-2 S,RMED,True,28888,1.814968390999927
34_11-2 S,RMIC,False,0,100.0
34_11-2 S,ROP,False,0,100.0
34_11-2 S,ROPA,True,29257,0.5608048399157073
34_11-2 S,RSHA,True,5143,82.51988308068792
34_11-2 S,RXO,True,29165,0.8734960233838573
34_11-2 S,SGR,False,0,100.0
34_11-2 S,SP,True,29165,0.8734960233838573
34_11-2 S,X_LOC,True,23606,19.767520902725856
34_11-2 S,Y_LOC,True,23606,19.767520902725856
34_11-2 S,Z_LOC,True,23606,19.767520902725856
34_12-1,BS,True,28388,0.161778152915526
34_12-1,CALI,True,10040,64.69015966800309
34_12-1,DCAL,False,0,100.0
34_12-1,DEPT,True,28434,0.0
34_12-1,DEPTH_MD,True,28363,0.24970106210874254
34_12-1,DRHO,True,9814,65.4849827671098
34_12-1,DTC,True,28245,0.6646971935007406
34_12-1,DTS,True,16965,40.33551382148133
34_12-1,GR,True,28344,0.3165224730955929
34_12-1,MUDWEIGHT,False,0,100.0
34_12-1,NPHI,True,9810,65.4990504325807
34_12-1,PEF,True,9801,65.53070267989027
34_12-1,RDEP,True,28363,0.24970106210874254
34_12-1,RHOB,True,9768,65.64676092002533
34_12-1,RMED,True,28324,0.3868608004501617
34_12-1,RMIC,False,0,100.0
34_12-1,ROP,True,28385,0.17232890201871465
34_12-1,ROPA,True,28360,0.2602518112119312
34_12-1,RSHA,True,9918,65.11922346486601
34_12-1,RXO,False,0,100.0
34_12-1,SGR,True,6914,75.68404023352325
34_12-1,SP,False,0,100.0
34_12-1,X_LOC,True,28363,0.24970106210874254
34_12-1,Y_LOC,True,28363,0.24970106210874254
34_12-1,Z_LOC,True,28363,0.24970106210874254
34_2-4,BS,False,0,100.0
34_2-4,CALI,True,24310,0.032897442223867035
34_2-4,DCAL,False,0,100.0
34_2-4,DEPT,True,24318,0.0
34_2-4,DEPTH_MD,True,23601,2.948433259314087
34_2-4,DRHO,True,13195,45.739781232009214
34_2-4,DTC,True,23607,2.923760177646184
34_2-4,DTS,False,0,100.0
34_2-4,GR,True,24239,0.32486224196068836
34_2-4,MUDWEIGHT,False,0,100.0
34_2-4,NPHI,True,3702,84.7767086109055
34_2-4,PEF,True,13091,46.16744798091948
34_2-4,RDEP,True,23601,2.948433259314087
34_2-4,RHOB,True,13181,45.79735175590098
34_2-4,RMED,True,23601,2.948433259314087
34_2-4,RMIC,False,0,100.0
34_2-4,ROP,False,0,100.0
34_2-4,ROPA,False,0,100.0
34_2-4,RSHA,True,13124,46.03174603174603
34_2-4,RXO,False,0,100.0
34_2-4,SGR,True,3701,84.78082079118349
34_2-4,SP,True,24299,0.07813142528168004
34_2-4,X_LOC,True,23601,2.948433259314087
34_2-4,Y_LOC,True,23601,2.948433259314087
34_2-4,Z_LOC,True,23601,2.948433259314087
34_3-1 A,BS,True,24507,0.024476808224205282
34_3-1 A,CALI,True,2472,89.91555501162648
34_3-1 A,DCAL,False,0,100.0
34_3-1 A,DEPT,True,24513,0.0
34_3-1 A,DEPTH_MD,True,24449,0.2610859543915489
34_3-1 A,DRHO,True,2466,89.94003181985069
34_3-1 A,DTC,True,12990,47.00771019459062
34_3-1 A,DTS,True,12473,49.11679516990984
34_3-1 A,GR,True,24461,0.21213233794312725
34_3-1 A,MUDWEIGHT,False,0,100.0
34_3-1 A,NPHI,True,2381,90.28678660302697
34_3-1 A,PEF,True,2408,90.17664096601803
34_3-1 A,RDEP,True,24449,0.2610859543915489
34_3-1 A,RHOB,True,2408,90.17664096601803
34_3-1 A,RMED,True,24311,0.8240525435483259
34_3-1 A,RMIC,True,10645,56.57406274221841
34_3-1 A,ROP,True,24513,0.0
34_3-1 A,ROPA,True,24492,0.08566882878472404
34_3-1 A,RSHA,False,0,100.0
34_3-1 A,RXO,False,0,100.0
34_3-1 A,SGR,False,0,100.0
34_3-1 A,SP,False,0,100.0
34_3-1 A,X_LOC,True,24449,0.2610859543915489
34_3-1 A,Y_LOC,True,24449,0.2610859543915489
34_3-1 A,Z_LOC,True,24449,0.2610859543915489
34_3-2 S,BS,True,25691,0.031129615938363386
34_3-2 S,CALI,True,12729,50.4688898400716
34_3-2 S,DCAL,False,0,100.0
34_3-2 S,DEPT,True,25699,0.0
34_3-2 S,DEPTH_MD,True,25691,0.031129615938363386
34_3-2 S,DRHO,True,12513,51.30938947040741
34_3-2 S,DTC,True,25534,0.6420483287287393
34_3-2 S,DTS,True,10709,58.32911786450834
34_3-2 S,GR,True,25610,0.3463169773142871
34_3-2 S,MUDWEIGHT,False,0,100.0
34_3-2 S,NPHI,True,12632,50.846336433324254
34_3-2 S,PEF,True,12442,51.585664811860376
34_3-2 S,RDEP,True,25691,0.031129615938363386
34_3-2 S,RHOB,True,12444,51.5778824078758
34_3-2 S,RMED,True,25605,0.3657729872757698
34_3-2 S,RMIC,False,0,100.0
34_3-2 S,ROP,True,25679,0.07782403984590847
34_3-2 S,ROPA,True,25691,0.031129615938363386
34_3-2 S,RSHA,False,0,100.0
34_3-2 S,RXO,False,0,100.0
34_3-2 S,SGR,False,0,100.0
34_3-2 S,SP,False,0,100.0
34_3-2 S,X_LOC,True,25691,0.031129615938363386
34_3-2 S,Y_LOC,True,25691,0.031129615938363386
34_3-2 S,Z_LOC,True,25691,0.031129615938363386
34_3-3 A,BS,True,30227,0.0033081910811194604
34_3-3 A,CALI,True,18248,39.63212915177981
34_3-3 A,DCAL,False,0,100.0
34_3-3 A,DEPT,True,30228,0.0
34_3-3 A,DEPTH_MD,True,30169,0.19518327378589273
34_3-3 A,DRHO,True,18065,40.23752811962419
34_3-3 A,DTC,True,29756,1.561466190287153
34_3-3 A,DTS,True,11997,60.311631599841206
34_3-3 A,GR,True,30190,0.12571126108243957
34_3-3 A,MUDWEIGHT,False,0,100.0
34_3-3 A,NPHI,True,17914,40.73706497287284
34_3-3 A,PEF,True,17945,40.63451104935821
34_3-3 A,RDEP,True,30169,0.19518327378589273
34_3-3 A,RHOB,True,17945,40.63451104935821
34_3-3 A,RMED,True,30056,0.569008865952092
34_3-3 A,RMIC,False,0,100.0
34_3-3 A,ROP,True,29797,1.425830355961355
34_3-3 A,ROPA,True,30207,0.06947201270345316
34_3-3 A,RSHA,False,0,100.0
34_3-3 A,RXO,False,0,100.0
34_3-3 A,SGR,False,0,100.0
34_3-3 A,SP,False,0,100.0
34_3-3 A,X_LOC,True,30169,0.19518327378589273
34_3-3 A,Y_LOC,True,30169,0.19518327378589273
34_3-3 A,Z_LOC,True,30169,0.19518327378589273
34_4-10 R,BS,True,24643,3.4138120247707127
34_4-10 R,CALI,True,3744,85.32570353531395
34_4-10 R,DCAL,False,0,100.0
34_4-10 R,DEPT,True,25514,0.0
34_4-10 R,DEPTH_MD,True,25406,0.42329701340440007
34_4-10 R,DRHO,True,3744,85.32570353531395
34_4-10 R,DTC,True,12274,51.893078309947484
34_4-10 R,DTS,True,4033,84.19299208277809
34_4-10 R,GR,True,25407,0.4193775966136237
34_4-10 R,MUDWEIGHT,False,0,100.0
34_4-10 R,NPHI,True,3824,85.01215019205142
34_4-10 R,PEF,True,3670,85.61574037783177
34_4-10 R,RDEP,True,25406,0.42329701340440007
34_4-10 R,RHOB,True,3729,85.38449478717567
34_4-10 R,RMED,True,25271,0.9524182801599168
34_4-10 R,RMIC,False,0,100.0
34_4-10 R,ROP,True,25487,0.10582425335110557
34_4-10 R,ROPA,True,25426,0.3449086775887733
34_4-10 R,RSHA,False,0,100.0
34_4-10 R,RXO,False,0,100.0
34_4-10 R,SGR,False,0,100.0
34_4-10 R,SP,False,0,100.0
34_4-10 R,X_LOC,True,25406,0.42329701340440007
34_4-10 R,Y_LOC,True,25406,0.42329701340440007
34_4-10 R,Z_LOC,True,25406,0.42329701340440007
34_5-1 A,BS,True,25957,1.4652848954181397
34_5-1 A,CALI,True,14967,43.1841475913905
34_5-1 A,DCAL,False,0,100.0
34_5-1 A,DEPT,True,26343,0.0
34_5-1 A,DEPTH_MD,True,25879,1.7613787343886411
34_5-1 A,DRHO,True,14858,43.59791975097749
34_5-1 A,DTC,True,21361,18.91204494552633
34_5-1 A,DTS,True,13663,48.134229206999954
34_5-1 A,GR,True,26327,0.06073719773753705
34_5-1 A,MUDWEIGHT,False,0,100.0
34_5-1 A,NPHI,True,14789,43.85984891622062
34_5-1 A,PEF,True,14688,44.24325247693884
34_5-1 A,RDEP,True,25879,1.7613787343886411
34_5-1 A,RHOB,True,14688,44.24325247693884
34_5-1 A,RMED,True,25739,2.292829214592107
34_5-1 A,RMIC,False,0,100.0
34_5-1 A,ROP,True,26009,1.2678890027711387
34_5-1 A,ROPA,True,26341,0.007592149717194907
34_5-1 A,RSHA,False,0,100.0
34_5-1 A,RXO,False,0,100.0
34_5-1 A,SGR,False,0,100.0
34_5-1 A,SP,False,0,100.0
34_5-1 A,X_LOC,True,25879,1.7613787343886411
34_5-1 A,Y_LOC,True,25879,1.7613787343886411
34_5-1 A,Z_LOC,True,25879,1.7613787343886411
34_5-1 S,BS,True,22582,1.6848796203578709
34_5-1 S,CALI,True,11697,49.074840001741485
34_5-1 S,DCAL,True,2218,90.34350646523576
34_5-1 S,DEPT,True,22969,0.0
34_5-1 S,DEPTH_MD,True,22584,1.6761722321389727
34_5-1 S,DRHO,True,11575,49.6059906830946
34_5-1 S,DTC,True,19069,16.97940702686229
34_5-1 S,DTS,True,11263,50.96434324524359
34_5-1 S,GR,True,22961,0.034829552875614844
34_5-1 S,MUDWEIGHT,False,0,100.0
34_5-1 S,NPHI,True,2241,90.24337150071837
34_5-1 S,PEF,True,11473,50.0500674822587
34_5-1 S,RDEP,True,22584,1.6761722321389727
34_5-1 S,RHOB,True,11468,50.071835952805955
34_5-1 S,RMED,True,22427,2.3597022073229112
34_5-1 S,RMIC,False,0,100.0
34_5-1 S,ROP,True,22249,3.134659758805347
34_5-1 S,ROPA,True,22946,0.10013496451739545
34_5-1 S,RSHA,False,0,100.0
34_5-1 S,RXO,False,0,100.0
34_5-1 S,SGR,False,0,100.0
34_5-1 S,SP,False,0,100.0
34_5-1 S,X_LOC,True,22584,1.6761722321389727
34_5-1 S,Y_LOC,True,22584,1.6761722321389727
34_5-1 S,Z_LOC,True,22584,1.6761722321389727
34_6-1 S,BS,True,26058,0.1226523572249949
34_6-1 S,CALI,True,6661,74.4691452663856
34_6-1 S,DCAL,False,0,100.0
34_6-1 S,DEPT,True,26090,0.0
34_6-1 S,DEPTH_MD,True,19798,24.11651973936374
34_6-1 S,DRHO,False,0,100.0
34_6-1 S,DTC,True,7045,72.9973169796857
34_6-1 S,DTS,True,7016,73.10847067842086
34_6-1 S,GR,True,26036,0.20697585281717057
34_6-1 S,MUDWEIGHT,False,0,100.0
34_6-1 S,NPHI,True,6626,74.60329628210043
34_6-1 S,PEF,True,6388,75.51552318896128
34_6-1 S,RDEP,True,19798,24.11651973936374
34_6-1 S,RHOB,True,6386,75.52318896128784
34_6-1 S,RMED,True,19720,24.415484860099657
34_6-1 S,RMIC,False,0,100.0
34_6-1 S,ROP,False,0,100.0
34_6-1 S,ROPA,True,26000,0.3449597546952843
34_6-1 S,RSHA,False,0,100.0
34_6-1 S,RXO,False,0,100.0
34_6-1 S,SGR,False,0,100.0
34_6-1 S,SP,False,0,100.0
34_6-1 S,X_LOC,True,19798,24.11651973936374
34_6-1 S,Y_LOC,True,19798,24.11651973936374
34_6-1 S,Z_LOC,True,19798,24.11651973936374
34_7-13,BS,True,7072,58.13154934580547
34_7-13,CALI,True,7764,54.03469303179208
34_7-13,DCAL,False,0,100.0
34_7-13,DEPT,True,16891,0.0
34_7-13,DEPTH_MD,True,16851,0.23681250370019002
34_7-13,DRHO,True,7642,54.75697116807767
34_7-13,DTC,True,13648,19.199573737493335
34_7-13,DTS,False,0,100.0
34_7-13,GR,True,16767,0.7341187614706035
34_7-13,MUDWEIGHT,False,0,100.0
34_7-13,NPHI,True,10439,38.19785684684152
34_7-13,PEF,False,0,100.0
34_7-13,RDEP,True,16851,0.23681250370019002
34_7-13,RHOB,True,7765,54.028772719199566
34_7-13,RMED,True,13394,20.703333135989578
34_7-13,RMIC,False,0,100.0
34_7-13,ROP,False,0,100.0
34_7-13,ROPA,False,0,100.0
34_7-13,RSHA,True,2102,87.55550293055472
34_7-13,RXO,False,0,100.0
34_7-13,SGR,False,0,100.0
34_7-13,SP,True,13723,18.755550293055478
34_7-13,X_LOC,True,16851,0.23681250370019002
34_7-13,Y_LOC,True,16851,0.23681250370019002
34_7-13,Z_LOC,True,16851,0.23681250370019002
34_7-20,BS,False,0,100.0
34_7-20,CALI,True,13314,26.81800692574067
34_7-20,DCAL,False,0,100.0
34_7-20,DEPT,True,18193,0.0
34_7-20,DEPTH_MD,True,18173,0.10993239157918167
34_7-20,DRHO,True,13220,27.334689166162807
34_7-20,DTC,True,13329,26.735557632056285
34_7-20,DTS,False,0,100.0
34_7-20,GR,True,18192,0.005496619578959638
34_7-20,MUDWEIGHT,False,0,100.0
34_7-20,NPHI,True,9081,50.085197603473866
34_7-20,PEF,False,0,100.0
34_7-20,RDEP,True,18173,0.10993239157918167
34_7-20,RHOB,True,13224,27.31270268784698
34_7-20,RMED,True,13326,26.752047490793164
34_7-20,RMIC,False,0,100.0
34_7-20,ROP,False,0,100.0
34_7-20,ROPA,False,0,100.0
34_7-20,RSHA,True,13066,28.181168581322492
34_7-20,RXO,False,0,100.0
34_7-20,SGR,False,0,100.0
34_7-20,SP,True,13326,26.752047490793164
34_7-20,X_LOC,True,18173,0.10993239157918167
34_7-20,Y_LOC,True,18173,0.10993239157918167
34_7-20,Z_LOC,True,18173,0.10993239157918167
34_7-21,BS,False,0,100.0
34_7-21,CALI,True,12776,30.802144830200938
34_7-21,DCAL,False,0,100.0
34_7-21,DEPT,True,18463,0.0
34_7-21,DEPTH_MD,True,18398,0.352055462275902
34_7-21,DRHO,True,12823,30.54758164978606
34_7-21,DTC,True,12798,30.68298759681525
34_7-21,DTS,False,0,100.0
34_7-21,GR,True,18414,0.26539565617721417
34_7-21,MUDWEIGHT,False,0,100.0
34_7-21,NPHI,True,7855,57.4554514434274
34_7-21,PEF,True,12622,31.63624546390077
34_7-21,RDEP,True,18398,0.352055462275902
34_7-21,RHOB,True,12822,30.55299788766722
34_7-21,RMED,True,12696,31.235443860694357
34_7-21,RMIC,False,0,100.0
34_7-21,ROP,False,0,100.0
34_7-21,ROPA,False,0,100.0
34_7-21,RSHA,True,8089,56.18805177923414
34_7-21,RXO,False,0,100.0
34_7-21,SGR,False,0,100.0
34_7-21,SP,True,4903,73.44418566863456
34_7-21,X_LOC,True,18398,0.352055462275902
34_7-21,Y_LOC,True,18398,0.352055462275902
34_7-21,Z_LOC,True,18398,0.352055462275902
34_8-1,BS,True,17512,18.767974765748217
34_8-1,CALI,True,17511,18.77261341497356
34_8-1,DCAL,False,0,100.0
34_8-1,DEPT,True,21558,0.0
34_8-1,DEPTH_MD,True,21528,0.13915947676036433
34_8-1,DRHO,True,17885,17.037758604694307
34_8-1,DTC,True,20806,3.48826421745988
34_8-1,DTS,False,0,100.0
34_8-1,GR,True,21467,0.4221170795064455
34_8-1,MUDWEIGHT,False,0,100.0
34_8-1,NPHI,True,12475,42.132850913813904
34_8-1,PEF,True,17871,17.102699693849154
34_8-1,RDEP,True,21528,0.13915947676036433
34_8-1,RHOB,True,17890,17.01456535856759
34_8-1,RMED,True,21422,0.6308562946469976
34_8-1,RMIC,False,0,100.0
34_8-1,ROP,False,0,100.0
34_8-1,ROPA,False,0,100.0
34_8-1,RSHA,True,3845,82.16439372854624
34_8-1,RXO,True,3845,82.16439372854624
34_8-1,SGR,True,1936,91.01957509973096
34_8-1,SP,True,21448,0.51025141478801
34_8-1,X_LOC,True,21528,0.13915947676036433
34_8-1,Y_LOC,True,21528,0.13915947676036433
34_8-1,Z_LOC,True,21528,0.13915947676036433
34_8-3,BS,False,0,100.0
34_8-3,CALI,True,13470,29.95319812792512
34_8-3,DCAL,False,0,100.0
34_8-3,DEPT,True,19230,0.0
34_8-3,DEPTH_MD,True,19228,0.010400416016642655
34_8-3,DRHO,True,13520,29.693187727509095
34_8-3,DTC,True,13465,29.97919916796672
34_8-3,DTS,False,0,100.0
34_8-3,GR,True,19105,0.6500260010400383
34_8-3,MUDWEIGHT,False,0,100.0
34_8-3,NPHI,True,13520,29.693187727509095
34_8-3,PEF,False,0,100.0
34_8-3,RDEP,True,19228,0.010400416016642655
34_8-3,RHOB,True,13509,29.750390015600626
34_8-3,RMED,True,13541,29.583983359334376
34_8-3,RMIC,True,4997,74.0145605824233
34_8-3,ROP,False,0,100.0
34_8-3,ROPA,False,0,100.0
34_8-3,RSHA,True,13539,29.59438377535102
34_8-3,RXO,True,4996,74.01976079043162
34_8-3,SGR,True,4996,74.01976079043162
34_8-3,SP,True,13539,29.59438377535102
34_8-3,X_LOC,True,19228,0.010400416016642655
34_8-3,Y_LOC,True,19228,0.010400416016642655
34_8-3,Z_LOC,True,19228,0.010400416016642655
34_8-7 R,BS,True,13811,61.52496099843994
34_8-7 R,CALI,True,14153,60.572208602629814
34_8-7 R,DCAL,False,0,100.0
34_8-7 R,DEPT,True,35896,0.0
34_8-7 R,DEPTH_MD,True,33615,6.354468464452867
34_8-7 R,DRHO,True,13964,61.09872966347225
34_8-7 R,DTC,True,35896,0.0
34_8-7 R,DTS,False,0,100.0
34_8-7 R,GR,True,35895,0.0027858257187429736
34_8-7 R,MUDWEIGHT,False,0,100.0
34_8-7 R,NPHI,True,14702,59.04279028303989
34_8-7 R,PEF,False,0,100.0
34_8-7 R,RDEP,True,33582,6.446400713171386
34_8-7 R,RHOB,True,35896,0.0
34_8-7 R,RMED,True,26136,27.189659014932023
34_8-7 R,RMIC,False,0,100.0
34_8-7 R,ROP,False,0,100.0
34_8-7 R,ROPA,False,0,100.0
34_8-7 R,RSHA,True,7754,78.39870737686651
34_8-7 R,RXO,False,0,100.0
34_8-7 R,SGR,False,0,100.0
34_8-7 R,SP,True,35895,0.0027858257187429736
34_8-7 R,X_LOC,True,33615,6.354468464452867
34_8-7 R,Y_LOC,True,33615,6.354468464452867
34_8-7 R,Z_LOC,True,33615,6.354468464452867
35_11-1,BS,False,0,100.0
35_11-1,CALI,True,15628,20.63782246597603
35_11-1,DCAL,False,0,100.0
35_11-1,DEPT,True,19692,0.0
35_11-1,DEPTH_MD,True,19690,0.010156408693884345
35_11-1,DRHO,True,15624,20.658135283363798
35_11-1,DTC,True,18743,4.819215925248832
35_11-1,DTS,False,0,100.0
35_11-1,GR,True,19633,0.2996140564696326
35_11-1,MUDWEIGHT,False,0,100.0
35_11-1,NPHI,True,8893,54.8395287426366
35_11-1,PEF,True,15624,20.658135283363798
35_11-1,RDEP,True,19690,0.010156408693884345
35_11-1,RHOB,True,15618,20.68860450944546
35_11-1,RMED,True,19660,0.16250253910217172
35_11-1,RMIC,False,0,100.0
35_11-1,ROP,False,0,100.0
35_11-1,ROPA,False,0,100.0
35_11-1,RSHA,True,6281,68.10379849685151
35_11-1,RXO,True,6281,68.10379849685151
35_11-1,SGR,False,0,100.0
35_11-1,SP,True,19689,0.015234613040826517
35_11-1,X_LOC,True,19690,0.010156408693884345
35_11-1,Y_LOC,True,19690,0.010156408693884345
35_11-1,Z_LOC,True,19690,0.010156408693884345
35_11-10,BS,True,16949,0.10608828903164724
35_11-10,CALI,True,11417,32.71055578475865
35_11-10,DCAL,False,0,100.0
35_11-10,DEPT,True,16967,0.0
35_11-10,DEPTH_MD,True,16962,0.029468969175461268
35_11-10,DRHO,True,11381,32.92273236282195
35_11-10,DTC,True,11618,31.525903223905228
35_11-10,DTS,True,11618,31.525903223905228
35_11-10,GR,True,16872,0.5599104143337086
35_11-10,MUDWEIGHT,False,0,100.0
35_11-10,NPHI,True,11349,33.111333765544884
35_11-10,PEF,False,0,100.0
35_11-10,RDEP,True,16914,0.3123710732598539
35_11-10,RHOB,True,11381,32.92273236282195
35_11-10,RMED,True,16455,3.017622443566925
35_11-10,RMIC,True,11417,32.71055578475865
35_11-10,ROP,False,0,100.0
35_11-10,ROPA,False,0,100.0
35_11-10,RSHA,True,16914,0.3123710732598539
35_11-10,RXO,True,11418,32.704661990923555
35_11-10,SGR,False,0,100.0
35_11-10,SP,True,11273,33.559262097011846
35_11-10,X_LOC,True,16962,0.029468969175461268
35_11-10,Y_LOC,True,16962,0.029468969175461268
35_11-10,Z_LOC,True,16962,0.029468969175461268
35_11-11,BS,True,18707,0.016034206306791976
35_11-11,CALI,True,12960,30.732228754676637
35_11-11,DCAL,False,0,100.0
35_11-11,DEPT,True,18710,0.0
35_11-11,DEPTH_MD,True,18673,0.19775521111704553
35_11-11,DRHO,True,12973,30.662747194013896
35_11-11,DTC,True,12871,31.207910208444677
35_11-11,DTS,True,12802,31.576696953500804
35_11-11,GR,True,18681,0.15499732763227803
35_11-11,MUDWEIGHT,False,0,100.0
35_11-11,NPHI,True,13137,29.786210582576167
35_11-11,PEF,True,12947,30.801710315339392
35_11-11,RDEP,True,18673,0.19775521111704553
35_11-11,RHOB,True,12973,30.662747194013896
35_11-11,RMED,True,18621,0.47568145376803983
35_11-11,RMIC,True,12958,30.742918225547832
35_11-11,ROP,True,17351,7.263495456974878
35_11-11,ROPA,True,18703,0.037413148049170175
35_11-11,RSHA,False,0,100.0
35_11-11,RXO,False,0,100.0
35_11-11,SGR,False,0,100.0
35_11-11,SP,True,12786,31.66221272047034
35_11-11,X_LOC,True,18673,0.19775521111704553
35_11-11,Y_LOC,True,18673,0.19775521111704553
35_11-11,Z_LOC,True,18673,0.19775521111704553
35_11-12,BS,True,19851,0.12075471698113072
35_11-12,CALI,True,3795,80.90566037735849
35_11-12,DCAL,False,0,100.0
35_11-12,DEPT,True,19875,0.0
35_11-12,DEPTH_MD,True,19582,1.4742138364779889
35_11-12,DRHO,True,3445,82.66666666666667
35_11-12,DTC,True,10668,46.324528301886794
35_11-12,DTS,True,3733,81.21761006289307
35_11-12,GR,True,19672,1.021383647798746
35_11-12,MUDWEIGHT,False,0,100.0
35_11-12,NPHI,True,3786,80.95094339622642
35_11-12,PEF,True,3445,82.66666666666667
35_11-12,RDEP,True,19582,1.4742138364779889
35_11-12,RHOB,True,3445,82.66666666666667
35_11-12,RMED,True,19507,1.8515723270440265
35_11-12,RMIC,False,0,100.0
35_11-12,ROP,True,19679,0.9861635220125731
35_11-12,ROPA,False,0,100.0
35_11-12,RSHA,False,0,100.0
35_11-12,RXO,False,0,100.0
35_11-12,SGR,False,0,100.0
35_11-12,SP,False,0,100.0
35_11-12,X_LOC,True,19582,1.4742138364779889
35_11-12,Y_LOC,True,19582,1.4742138364779889
35_11-12,Z_LOC,True,19582,1.4742138364779889
35_11-13,BS,True,19112,0.03661279355614555
35_11-13,CALI,True,2430,87.29013023693707
35_11-13,DCAL,False,0,100.0
35_11-13,DEPT,True,19119,0.0
35_11-13,DEPTH_MD,True,18534,3.059783461478116
35_11-13,DRHO,True,2430,87.29013023693707
35_11-13,DTC,True,4190,78.08462785710549
35_11-13,DTS,True,4892,74.41288770333176
35_11-13,GR,True,18812,1.6057325173910786
35_11-13,MUDWEIGHT,False,0,100.0
35_11-13,NPHI,True,5827,69.52246456404623
35_11-13,PEF,True,2201,88.48789162613107
35_11-13,RDEP,True,18534,3.059783461478116
35_11-13,RHOB,True,2201,88.48789162613107
35_11-13,RMED,True,18374,3.8966473141900715
35_11-13,RMIC,True,2195,88.51927402060778
35_11-13,ROP,True,18584,2.7982635075056272
35_11-13,ROPA,True,19103,0.08368638527119776
35_11-13,RSHA,False,0,100.0
35_11-13,RXO,False,0,100.0
35_11-13,SGR,False,0,100.0
35_11-13,SP,False,0,100.0
35_11-13,X_LOC,True,18534,3.059783461478116
35_11-13,Y_LOC,True,18534,3.059783461478116
35_11-13,Z_LOC,True,18534,3.059783461478116
35_11-15 S,BS,True,18377,2.4161002548853006
35_11-15 S,CALI,True,2599,86.19902293967714
35_11-15 S,DCAL,False,0,100.0
35_11-15 S,DEPT,True,18832,0.0
35_11-15 S,DEPTH_MD,True,18175,3.488742565845371
35_11-15 S,DRHO,True,2228,88.16907391673747
35_11-15 S,DTC,True,4868,74.15038232795241
35_11-15 S,DTS,True,2647,85.94413763806288
35_11-15 S,GR,True,18252,3.079864061172477
35_11-15 S,MUDWEIGHT,False,0,100.0
35_11-15 S,NPHI,True,2656,85.89634664401021
35_11-15 S,PEF,True,2229,88.16376380628716
35_11-15 S,RDEP,True,18175,3.488742565845371
35_11-15 S,RHOB,True,2228,88.16907391673747
35_11-15 S,RMED,True,18004,4.396771452846215
35_11-15 S,RMIC,True,2228,88.16907391673747
35_11-15 S,ROP,True,18314,2.750637213254037
35_11-15 S,ROPA,True,18739,0.49384027187765467
35_11-15 S,RSHA,False,0,100.0
35_11-15 S,RXO,True,2730,85.5033984706882
35_11-15 S,SGR,True,2627,86.05033984706883
35_11-15 S,SP,False,0,100.0
35_11-15 S,X_LOC,True,18175,3.488742565845371
35_11-15 S,Y_LOC,True,18175,3.488742565845371
35_11-15 S,Z_LOC,True,18175,3.488742565845371
35_11-5,BS,False,0,100.0
35_11-5,CALI,True,18619,15.225606702180938
35_11-5,DCAL,False,0,100.0
35_11-5,DEPT,True,21963,0.0
35_11-5,DEPTH_MD,True,21951,0.05463734462505254
35_11-5,DRHO,True,18506,15.74010836406684
35_11-5,DTC,True,18204,17.115148203797293
35_11-5,DTS,True,7005,68.10545007512636
35_11-5,GR,True,21794,0.7694759368027992
35_11-5,MUDWEIGHT,False,0,100.0
35_11-5,NPHI,True,7392,66.34339571096845
35_11-5,PEF,True,18429,16.090697992077587
35_11-5,RDEP,True,21951,0.05463734462505254
35_11-5,RHOB,True,18507,15.735555252014755
35_11-5,RMED,True,18637,15.14365068524336
35_11-5,RMIC,False,0,100.0
35_11-5,ROP,False,0,100.0
35_11-5,ROPA,False,0,100.0
35_11-5,RSHA,True,7392,66.34339571096845
35_11-5,RXO,False,0,100.0
35_11-5,SGR,False,0,100.0
35_11-5,SP,True,18637,15.14365068524336
35_11-5,X_LOC,True,21951,0.05463734462505254
35_11-5,Y_LOC,True,21951,0.05463734462505254
35_11-5,Z_LOC,True,21951,0.05463734462505254
35_11-6,BS,False,0,100.0
35_11-6,CALI,True,20030,15.606303193730508
35_11-6,DCAL,False,0,100.0
35_11-6,DEPT,True,23734,0.0
35_11-6,DEPTH_MD,True,23147,2.473245133563662
35_11-6,DRHO,True,23662,0.3033622651049117
35_11-6,DTC,True,19755,16.76497851183956
35_11-6,DTS,True,13567,42.83727985168956
35_11-6,GR,True,23551,0.7710457571416529
35_11-6,MUDWEIGHT,False,0,100.0
35_11-6,NPHI,True,13337,43.80635375410803
35_11-6,PEF,True,23655,0.33285581865677427
35_11-6,RDEP,True,23147,2.473245133563662
35_11-6,RHOB,True,23661,0.3075756298980381
35_11-6,RMED,True,23673,0.25701525238055467
35_11-6,RMIC,False,0,100.0
35_11-6,ROP,False,0,100.0
35_11-6,ROPA,False,0,100.0
35_11-6,RSHA,True,8568,63.899890452515386
35_11-6,RXO,False,0,100.0
35_11-6,SGR,False,0,100.0
35_11-6,SP,True,23679,0.2317350636218074
35_11-6,X_LOC,True,23147,2.473245133563662
35_11-6,Y_LOC,True,23147,2.473245133563662
35_11-6,Z_LOC,True,23147,2.473245133563662
35_11-7,BS,True,16537,0.0604339155133915
35_11-7,CALI,True,13149,20.535444491448594
35_11-7,DCAL,False,0,100.0
35_11-7,DEPT,True,16547,0.0
35_11-7,DEPTH_MD,True,16542,0.0302169577566902
35_11-7,DRHO,True,13089,20.898047984528922
35_11-7,DTC,True,12757,22.904453979573336
35_11-7,DTS,False,0,100.0
35_11-7,GR,True,16403,0.8702483833927577
35_11-7,MUDWEIGHT,False,0,100.0
35_11-7,NPHI,True,7438,55.049253641143416
35_11-7,PEF,True,12986,21.52051731431679
35_11-7,RDEP,True,16542,0.0302169577566902
35_11-7,RHOB,True,13088,20.90409137608026
35_11-7,RMED,True,13227,20.06405995044419
35_11-7,RMIC,False,0,100.0
35_11-7,ROP,False,0,100.0
35_11-7,ROPA,False,0,100.0
35_11-7,RSHA,True,7512,54.60204266634435
35_11-7,RXO,False,0,100.0
35_11-7,SGR,False,0,100.0
35_11-7,SP,True,12750,22.946757720432707
35_11-7,X_LOC,True,16542,0.0302169577566902
35_11-7,Y_LOC,True,16542,0.0302169577566902
35_11-7,Z_LOC,True,16542,0.0302169577566902
35_12-1,BS,True,16722,0.32782976694283317
35_12-1,CALI,True,13502,19.520772486141745
35_12-1,DCAL,False,0,100.0
35_12-1,DEPT,True,16777,0.0
35_12-1,DEPTH_MD,True,16767,0.05960541217142623
35_12-1,DRHO,True,13279,20.849973177564518
35_12-1,DTC,True,13105,21.887107349347325
35_12-1,DTS,False,0,100.0
35_12-1,GR,True,16609,1.0013709244799385
35_12-1,MUDWEIGHT,False,0,100.0
35_12-1,NPHI,True,7496,55.3197830362997
35_12-1,PEF,True,13163,21.54139595875305
35_12-1,RDEP,True,16767,0.05960541217142623
35_12-1,RHOB,True,13295,20.754604518090247
35_12-1,RMED,True,13486,19.616141145616016
35_12-1,RMIC,True,13168,21.51159325266734
35_12-1,ROP,False,0,100.0
35_12-1,ROPA,False,0,100.0
35_12-1,RSHA,True,13424,19.98569470107886
35_12-1,RXO,True,13300,20.724801812004536
35_12-1,SGR,False,0,100.0
35_12-1,SP,True,13214,21.237408356678788
35_12-1,X_LOC,True,16767,0.05960541217142623
35_12-1,Y_LOC,True,16767,0.05960541217142623
35_12-1,Z_LOC,True,16767,0.05960541217142623
35_3-7 S,BS,True,24802,0.0040317703503656155
35_3-7 S,CALI,True,5228,78.92190460831351
35_3-7 S,DCAL,False,0,100.0
35_3-7 S,DEPT,True,24803,0.0
35_3-7 S,DEPTH_MD,True,24783,0.08063540700721239
35_3-7 S,DRHO,True,5218,78.96222231181711
35_3-7 S,DTC,True,21308,14.091037374511151
35_3-7 S,DTS,True,21128,14.816756037576095
35_3-7 S,GR,True,24767,0.14514373261299562
35_3-7 S,MUDWEIGHT,False,0,100.0
35_3-7 S,NPHI,True,5370,78.34939321856227
35_3-7 S,PEF,True,5218,78.96222231181711
35_3-7 S,RDEP,True,24783,0.08063540700721239
35_3-7 S,RHOB,True,5218,78.96222231181711
35_3-7 S,RMED,True,24566,0.9555295730355184
35_3-7 S,RMIC,True,5153,79.22428738459058
35_3-7 S,ROP,True,24438,1.4715961778817066
35_3-7 S,ROPA,True,24795,0.03225416280289162
35_3-7 S,RSHA,False,0,100.0
35_3-7 S,RXO,False,0,100.0
35_3-7 S,SGR,False,0,100.0
35_3-7 S,SP,False,0,100.0
35_3-7 S,X_LOC,True,24783,0.08063540700721239
35_3-7 S,Y_LOC,True,24783,0.08063540700721239
35_3-7 S,Z_LOC,True,24783,0.08063540700721239
35_4-1,BS,True,29960,0.023359028264424708
35_4-1,CALI,True,23569,21.350151833683718
35_4-1,DCAL,False,0,100.0
35_4-1,DEPT,True,29967,0.0
35_4-1,DEPTH_MD,True,29838,0.43047352087296487
35_4-1,DRHO,True,23218,22.521440250942703
35_4-1,DTC,True,28314,5.516067674441882
35_4-1,DTS,True,19238,35.80271632128675
35_4-1,GR,True,29956,0.0367070444155182
35_4-1,MUDWEIGHT,False,0,100.0
35_4-1,NPHI,True,29430,1.7919711682851114
35_4-1,PEF,True,21378,28.661527680448494
35_4-1,RDEP,True,29838,0.43047352087296487
35_4-1,RHOB,True,21424,28.508025494710854
35_4-1,RMED,True,29779,0.6273567591016826
35_4-1,RMIC,False,0,100.0
35_4-1,ROP,True,28160,6.029966296259214
35_4-1,ROPA,False,0,100.0
35_4-1,RSHA,False,0,100.0
35_4-1,RXO,False,0,100.0
35_4-1,SGR,False,0,100.0
35_4-1,SP,False,0,100.0
35_4-1,X_LOC,True,29838,0.43047352087296487
35_4-1,Y_LOC,True,29838,0.43047352087296487
35_4-1,Z_LOC,True,29838,0.43047352087296487
35_6-2 S,BS,True,21947,0.004556223801710502
35_6-2 S,CALI,True,13443,38.75068343357025
35_6-2 S,DCAL,False,0,100.0
35_6-2 S,DEPT,True,21948,0.0
35_6-2 S,DEPTH_MD,True,21903,0.2050300710770947
35_6-2 S,DRHO,True,13316,39.32932385638782
35_6-2 S,DTC,True,13328,39.274649170767276
35_6-2 S,DTS,True,13330,39.26553672316384
35_6-2 S,GR,True,21919,0.13213049024968226
35_6-2 S,MUDWEIGHT,False,0,100.0
35_6-2 S,NPHI,True,13492,38.52742846728632
35_6-2 S,PEF,True,13257,39.598141060688896
35_6-2 S,RDEP,True,21903,0.2050300710770947
35_6-2 S,RHOB,True,13257,39.598141060688896
35_6-2 S,RMED,True,21767,0.8246765081100782
35_6-2 S,RMIC,False,0,100.0
35_6-2 S,ROP,True,21942,0.027337342810274112
35_6-2 S,ROPA,True,21926,0.10023692363768655
35_6-2 S,RSHA,False,0,100.0
35_6-2 S,RXO,False,0,100.0
35_6-2 S,SGR,False,0,100.0
35_6-2 S,SP,False,0,100.0
35_6-2 S,X_LOC,True,21903,0.2050300710770947
35_6-2 S,Y_LOC,True,21903,0.2050300710770947
35_6-2 S,Z_LOC,True,21903,0.2050300710770947
35_8-4,BS,True,21370,2.540247183837274
35_8-4,CALI,False,0,100.0
35_8-4,DCAL,False,0,100.0
35_8-4,DEPT,True,21927,0.0
35_8-4,DEPTH_MD,True,21426,2.284854289232452
35_8-4,DRHO,True,2711,87.63624754868427
35_8-4,DTC,True,2591,88.18351803712319
35_8-4,DTS,False,0,100.0
35_8-4,GR,True,21919,0.03648469922925557
35_8-4,MUDWEIGHT,False,0,100.0
35_8-4,NPHI,True,2703,87.67273224791353
35_8-4,PEF,True,2711,87.63624754868427
35_8-4,RDEP,True,21426,2.284854289232452
35_8-4,RHOB,True,2712,87.63168696128061
35_8-4,RMED,True,20199,7.880695033520313
35_8-4,RMIC,True,2470,88.73534911296575
35_8-4,ROP,False,0,100.0
35_8-4,ROPA,True,21875,0.2371505449901945
35_8-4,RSHA,True,2470,88.73534911296575
35_8-4,RXO,False,0,100.0
35_8-4,SGR,False,0,100.0
35_8-4,SP,False,0,100.0
35_8-4,X_LOC,True,21426,2.284854289232452
35_8-4,Y_LOC,True,21426,2.284854289232452
35_8-4,Z_LOC,True,21426,2.284854289232452
35_8-6 S,BS,True,23427,1.983180620057734
35_8-6 S,CALI,True,14515,39.270323417430234
35_8-6 S,DCAL,False,0,100.0
35_8-6 S,DEPT,True,23901,0.0
35_8-6 S,DEPTH_MD,True,23227,2.819965691812054
35_8-6 S,DRHO,True,14345,39.9815907284214
35_8-6 S,DTC,True,2212,90.74515710639723
35_8-6 S,DTS,True,2191,90.83301953893142
35_8-6 S,GR,True,23419,2.0166520229279117
35_8-6 S,MUDWEIGHT,False,0,100.0
35_8-6 S,NPHI,True,14197,40.6008116815196
35_8-6 S,PEF,True,14255,40.35814401071085
35_8-6 S,RDEP,True,23227,2.819965691812054
35_8-6 S,RHOB,True,14255,40.35814401071085
35_8-6 S,RMED,True,22624,5.3428726831513345
35_8-6 S,RMIC,False,0,100.0
35_8-6 S,ROP,True,23341,2.342998200912094
35_8-6 S,ROPA,True,23894,0.029287477511397153
35_8-6 S,RSHA,False,0,100.0
35_8-6 S,RXO,False,0,100.0
35_8-6 S,SGR,False,0,100.0
35_8-6 S,SP,False,0,100.0
35_8-6 S,X_LOC,True,23227,2.819965691812054
35_8-6 S,Y_LOC,True,23227,2.819965691812054
35_8-6 S,Z_LOC,True,23227,2.819965691812054
35_9-10 S,BS,True,21270,0.004701236425175281
35_9-10 S,CALI,True,4311,79.7329697710498
35_9-10 S,DCAL,False,0,100.0
35_9-10 S,DEPT,True,21271,0.0
35_9-10 S,DEPTH_MD,True,20782,2.298904611912933
35_9-10 S,DRHO,True,4318,79.70006111607353
35_9-10 S,DTC,True,17468,17.87880212495886
35_9-10 S,DTS,True,10938,48.5778759813831
35_9-10 S,GR,True,21253,0.08462225565323278
35_9-10 S,MUDWEIGHT,False,0,100.0
35_9-10 S,NPHI,True,4631,78.22857411499224
35_9-10 S,PEF,True,4303,79.77057966245123
35_9-10 S,RDEP,True,20782,2.298904611912933
35_9-10 S,RHOB,True,4307,79.7517747167505
35_9-10 S,RMED,True,20689,2.736119599454656
35_9-10 S,RMIC,False,0,100.0
35_9-10 S,ROP,True,19994,6.00347891495463
35_9-10 S,ROPA,False,0,100.0
35_9-10 S,RSHA,False,0,100.0
35_9-10 S,RXO,False,0,100.0
35_9-10 S,SGR,False,0,100.0
35_9-10 S,SP,False,0,100.0
35_9-10 S,X_LOC,True,20782,2.298904611912933
35_9-10 S,Y_LOC,True,20782,2.298904611912933
35_9-10 S,Z_LOC,True,20782,2.298904611912933
35_9-2,BS,True,16402,1.1868184830411521
35_9-2,CALI,True,12339,25.66419663835171
35_9-2,DCAL,True,12347,25.61600096391349
35_9-2,DEPT,True,16599,0.0
35_9-2,DEPTH_MD,True,12347,25.61600096391349
35_9-2,DRHO,True,12347,25.61600096391349
35_9-2,DTC,True,3447,79.2336887764323
35_9-2,DTS,True,3448,79.22766431712753
35_9-2,GR,True,14175,14.603289354780413
35_9-2,MUDWEIGHT,False,0,100.0
35_9-2,NPHI,True,6704,59.612024820772334
35_9-2,PEF,False,0,100.0
35_9-2,RDEP,True,12316,25.802759202361592
35_9-2,RHOB,True,12347,25.61600096391349
35_9-2,RMED,True,12336,25.68227001626604
35_9-2,RMIC,True,2191,86.80040966323273
35_9-2,ROP,False,0,100.0
35_9-2,ROPA,False,0,100.0
35_9-2,RSHA,True,2190,86.8064341225375
35_9-2,RXO,True,2192,86.79438520392794
35_9-2,SGR,True,6552,60.527742635098505
35_9-2,SP,True,12347,25.61600096391349
35_9-2,X_LOC,True,12347,25.61600096391349
35_9-2,Y_LOC,True,12347,25.61600096391349
35_9-2,Z_LOC,True,12347,25.61600096391349
35_9-5,BS,True,20249,4.512873714986321
35_9-5,CALI,True,4942,76.69527492219184
35_9-5,DCAL,False,0,100.0
35_9-5,DEPT,True,21206,0.0
35_9-5,DEPTH_MD,True,20111,5.163632934075258
35_9-5,DRHO,True,4934,76.73300009431293
35_9-5,DTC,True,9187,56.67735546543431
35_9-5,DTS,True,9192,56.65377723285863
35_9-5,GR,True,21183,0.10845986984815426
35_9-5,MUDWEIGHT,False,0,100.0
35_9-5,NPHI,True,5337,74.83259454871262
35_9-5,PEF,True,4934,76.73300009431293
35_9-5,RDEP,True,20111,5.163632934075258
35_9-5,RHOB,True,4934,76.73300009431293
35_9-5,RMED,True,19934,5.998302367254549
35_9-5,RMIC,True,4933,76.73771574082807
35_9-5,ROP,True,20240,4.555314533622557
35_9-5,ROPA,True,20703,2.371970197114026
35_9-5,RSHA,False,0,100.0
35_9-5,RXO,False,0,100.0
35_9-5,SGR,False,0,100.0
35_9-5,SP,False,0,100.0
35_9-5,X_LOC,True,20111,5.163632934075258
35_9-5,Y_LOC,True,20111,5.163632934075258
35_9-5,Z_LOC,True,20111,5.163632934075258
35_9-6 S,BS,False,0,100.0
35_9-6 S,CALI,True,13324,39.724044333861116
35_9-6 S,DCAL,False,0,100.0
35_9-6 S,DEPT,True,22105,0.0
35_9-6 S,DEPTH_MD,True,21579,2.3795521375254425
35_9-6 S,DRHO,True,10147,54.09635828997964
35_9-6 S,DTC,True,15672,29.102013119203797
35_9-6 S,DTS,False,0,100.0
35_9-6 S,GR,True,21545,2.5333634924225246
35_9-6 S,MUDWEIGHT,False,0,100.0
35_9-6 S,NPHI,True,13266,39.986428409862015
35_9-6 S,PEF,True,5510,75.07351277991405
35_9-6 S,RDEP,True,21579,2.3795521375254425
35_9-6 S,RHOB,True,13229,40.15381135489709
35_9-6 S,RMED,True,21446,2.981225966975798
35_9-6 S,RMIC,True,21462,2.9088441529065867
35_9-6 S,ROP,False,0,100.0
35_9-6 S,ROPA,True,22007,0.4433386111739379
35_9-6 S,RSHA,False,0,100.0
35_9-6 S,RXO,False,0,100.0
35_9-6 S,SGR,False,0,100.0
35_9-6 S,SP,False,0,100.0
35_9-6 S,X_LOC,True,21579,2.3795521375254425
35_9-6 S,Y_LOC,True,21579,2.3795521375254425
35_9-6 S,Z_LOC,True,21579,2.3795521375254425
35_9-7,BS,True,17165,0.005825468950249046
35_9-7,CALI,True,10676,37.80729348712571
35_9-7,DCAL,False,0,100.0
35_9-7,DEPT,True,17166,0.0
35_9-7,DEPTH_MD,True,17033,0.7747873703833119
35_9-7,DRHO,True,10679,37.78981708027496
35_9-7,DTC,True,15914,7.293487125713616
35_9-7,DTS,True,11898,30.688570429919604
35_9-7,GR,True,17030,0.7922637772340702
35_9-7,MUDWEIGHT,False,0,100.0
35_9-7,NPHI,True,10617,38.1509961551905
35_9-7,PEF,True,10618,38.145170686240235
35_9-7,RDEP,True,17033,0.7747873703833119
35_9-7,RHOB,True,10618,38.145170686240235
35_9-7,RMED,True,17018,0.8621694046370698
35_9-7,RMIC,True,3762,78.08458580915763
35_9-7,ROP,True,16581,3.407899335896536
35_9-7,ROPA,True,17165,0.005825468950249046
35_9-7,RSHA,False,0,100.0
35_9-7,RXO,False,0,100.0
35_9-7,SGR,False,0,100.0
35_9-7,SP,False,0,100.0
35_9-7,X_LOC,True,17033,0.7747873703833119
35_9-7,Y_LOC,True,17033,0.7747873703833119
35_9-7,Z_LOC,True,17033,0.7747873703833119
35_9-8,BS,True,18520,1.7089480946820945
35_9-8,CALI,True,4630,75.42723702367053
35_9-8,DCAL,False,0,100.0
35_9-8,DEPT,True,18842,0.0
35_9-8,DEPTH_MD,True,18337,2.680182570852352
35_9-8,DRHO,True,4636,75.39539327035347
35_9-8,DTC,True,15425,18.135017514064323
35_9-8,DTS,True,10115,46.316739199660326
35_9-8,GR,True,18495,1.8416304001698358
35_9-8,MUDWEIGHT,False,0,100.0
35_9-8,NPHI,True,4605,75.55991932915826
35_9-8,PEF,True,4623,75.46438806920709
35_9-8,RDEP,True,18337,2.680182570852352
35_9-8,RHOB,True,4623,75.46438806920709
35_9-8,RMED,True,18177,3.529349325973885
35_9-8,RMIC,True,4724,74.92835155503663
35_9-8,ROP,True,17471,7.276297632947671
35_9-8,ROPA,True,18842,0.0
35_9-8,RSHA,False,0,100.0
35_9-8,RXO,False,0,100.0
35_9-8,SGR,False,0,100.0
35_9-8,SP,False,0,100.0
35_9-8,X_LOC,True,18337,2.680182570852352
35_9-8,Y_LOC,True,18337,2.680182570852352
35_9-8,Z_LOC,True,18337,2.680182570852352
36_7-3,BS,False,0,100.0
36_7-3,CALI,True,64,99.62241887905606
36_7-3,DCAL,False,0,100.0
36_7-3,DEPT,True,16950,0.0
36_7-3,DEPTH_MD,True,15630,7.7876106194690315
36_7-3,DRHO,True,10092,40.46017699115044
36_7-3,DTC,True,10458,38.30088495575221
36_7-3,DTS,False,0,100.0
36_7-3,GR,True,15633,7.769911504424776
36_7-3,MUDWEIGHT,False,0,100.0
36_7-3,NPHI,True,10071,40.58407079646018
36_7-3,PEF,True,10089,40.477876106194685
36_7-3,RDEP,True,15630,7.7876106194690315
36_7-3,RHOB,True,10089,40.477876106194685
36_7-3,RMED,True,15443,8.890855457227143
36_7-3,RMIC,False,0,100.0
36_7-3,ROP,False,0,100.0
36_7-3,ROPA,True,16928,0.12979351032448294
36_7-3,RSHA,False,0,100.0
36_7-3,RXO,False,0,100.0
36_7-3,SGR,False,0,100.0
36_7-3,SP,False,0,100.0
36_7-3,X_LOC,True,15630,7.7876106194690315
36_7-3,Y_LOC,True,15630,7.7876106194690315
36_7-3,Z_LOC,True,15630,7.7876106194690315
7_1-1,BS,True,17947,0.19463908352796988
7_1-1,CALI,True,16270,9.520631742853968
7_1-1,DCAL,True,16272,9.509509509509506
7_1-1,DEPT,True,17982,0.0
7_1-1,DEPTH_MD,True,16121,10.349238127015903
7_1-1,DRHO,True,4443,75.29195862529195
7_1-1,DTC,True,11396,36.62551440329218
7_1-1,DTS,False,0,100.0
7_1-1,GR,True,16242,9.676343009676348
7_1-1,MUDWEIGHT,True,15724,12.557001445890336
7_1-1,NPHI,True,4404,75.50884217550885
7_1-1,PEF,False,0,100.0
7_1-1,RDEP,True,16121,10.349238127015903
7_1-1,RHOB,True,4397,75.54776999221444
7_1-1,RMED,True,16152,10.176843510176848
7_1-1,RMIC,False,0,100.0
7_1-1,ROP,True,17343,3.5535535535535567
7_1-1,ROPA,False,0,100.0
7_1-1,RSHA,True,16115,10.382604827049269
7_1-1,RXO,False,0,100.0
7_1-1,SGR,False,0,100.0
7_1-1,SP,True,16151,10.182404626849074
7_1-1,X_LOC,True,16121,10.349238127015903
7_1-1,Y_LOC,True,16121,10.349238127015903
7_1-1,Z_LOC,True,16121,10.349238127015903
7_1-2 S,BS,True,19560,0.13274788113959435
7_1-2 S,CALI,True,2056,89.50270601450015
7_1-2 S,DCAL,False,0,100.0
7_1-2 S,DEPT,True,19586,0.0
7_1-2 S,DEPTH_MD,True,19544,0.21443888491780028
7_1-2 S,DRHO,True,1617,91.74410293066477
7_1-2 S,DTC,True,3053,84.41233534157051
7_1-2 S,DTS,True,3791,80.64433779230062
7_1-2 S,GR,True,19544,0.21443888491780028
7_1-2 S,MUDWEIGHT,False,0,100.0
7_1-2 S,NPHI,True,1654,91.55519248442765
7_1-2 S,PEF,True,1617,91.74410293066477
7_1-2 S,RDEP,True,19544,0.21443888491780028
7_1-2 S,RHOB,True,1617,91.74410293066477
7_1-2 S,RMED,True,19505,0.4135607066271807
7_1-2 S,RMIC,False,0,100.0
7_1-2 S,ROP,True,19516,0.3573981415296634
7_1-2 S,ROPA,True,13644,30.337996528132336
7_1-2 S,RSHA,True,15778,19.442458899213722
7_1-2 S,RXO,False,0,100.0
7_1-2 S,SGR,False,0,100.0
7_1-2 S,SP,False,0,100.0
7_1-2 S,X_LOC,True,19544,0.21443888491780028
7_1-2 S,Y_LOC,True,19544,0.21443888491780028
7_1-2 S,Z_LOC,True,19544,0.21443888491780028
